fips,Name,State,Value
1001,Autauga,AL,228.7077057
1003,Baldwin,AL,145.2394812
1005,Barbour,AL,105.7553661
1007,Bibb,AL,219.6624802
1009,Blount,AL,179.8185574
1011,Bullock,AL,96.75271498
1013,Butler,AL,110.7055585
1015,Calhoun,AL,123.6342506
1017,Chambers,AL,186.0969303
1019,Cherokee,AL,153.9227777
1021,Chilton,AL,138.8555143
1023,Choctaw,AL,202.4784438
1025,Clarke,AL,65.57215639
1027,Clay,AL,90.0060326
1029,Cleburne,AL,133.3252839
1031,Coffee,AL,232.9105974
1033,Colbert,AL,102.8411648
1035,Conecuh,AL,193.6054319
1037,Coosa,AL,146.9457909
1039,Covington,AL,71.27230331
1041,Crenshaw,AL,76.20686305
1043,Cullman,AL,104.5118488
1045,Dale,AL,152.253342
1047,Dallas,AL,61.8683694
1049,De Kalb,AL,135.584204
1051,Elmore,AL,141.7842124
1053,Escambia,AL,177.8150866
1055,Etowah,AL,47.67473927
1057,Fayette,AL,138.077841
1059,Franklin,AL,142.3575611
1061,Geneva,AL,102.5052609
1063,Greene,AL,133.8115181
1065,Hale,AL,222.0058726
1067,Henry,AL,108.2292338
1069,Houston,AL,44.54826493
1071,Jackson,AL,210.3135683
1073,Jefferson,AL,64.10825493
1075,Lamar,AL,85.53292584
1077,Lauderdale,AL,140.719082
1079,Lawrence,AL,170.7409679
1081,Lee,AL,145.7239496
1083,Limestone,AL,203.1023606
1085,Lowndes,AL,99.98276574
1087,Macon,AL,167.897944
1089,Madison,AL,92.10119547
1091,Marengo,AL,76.60955307
1093,Marion,AL,177.6121993
1095,Marshall,AL,127.7906069
1097,Mobile,AL,175.9383216
1099,Monroe,AL,96.42772997
1101,Montgomery,AL,108.9810622
1103,Morgan,AL,215.2118717
1105,Perry,AL,100.4056912
1107,Pickens,AL,143.9860778
1109,Pike,AL,161.4572895
1111,Randolph,AL,168.0405843
1113,Russell,AL,185.0032007
1115,St Clair,AL,161.4670179
1117,Shelby,AL,129.162539
1119,Sumter,AL,149.0856462
1121,Talladega,AL,122.6602855
1123,Tallapoosa,AL,152.7907003
1125,Tuscaloosa,AL,158.1361151
1127,Walker,AL,229.8594277
1129,Washington,AL,213.7177193
1131,Wilcox,AL,254.2425128
1133,Winston,AL,47.96860096
2013,Aleutians East,AK,217.1182389
2016,Aleutians West,AK,130.0565593
2020,Anchorage,AK,145.4587975
2050,Bethel,AK,164.3007333
2060,Bristol Bay,AK,132.5176085
2068,Denali,AK,199.0747542
2070,Dillingham,AK,114.7873395
2090,Fairbanks North Star,AK,65.61604165
2100,Haines,AK,100.0343155
2110,Juneau,AK,37.54754496
2122,Kenai Peninsula,AK,209.8562612
2130,Ketchikan Gateway,AK,147.374864
2150,Kodiak Island,AK,199.3797808
2164,Lake and Peninsula,AK,178.5627821
2170,Matanuska-Susitna,AK,150.8158101
2180,Nome,AK,223.4613998
2185,North Slope,AK,102.7380557
2188,Northwest Arctic,AK,89.95827321
2201,Prince of Wales-Outer Ketchikan,AK,173.0943751
2220,Sitka,AK,189.1339777
2232,Skagway-Hoonah-Angoon,AK,129.9032632
2240,Southeast Fairbanks,AK,187.6898563
2261,Valdez-Cordova,AK,142.2480433
2270,Wade Hampton,AK,149.5984928
2280,Wrangell-Petersburg,AK,165.8405383
2282,Yakutat,AK,109.0454579
2290,Yukon-Koyukuk,AK,121.4451595
4001,Apache,AZ,118.0818082
4003,Cochise,AZ,111.9465937
4005,Coconino,AZ,89.79998243
4007,Gila,AZ,151.1856947
4009,Graham,AZ,120.7533265
4011,Greenlee,AZ,126.7071182
4012,La Paz,AZ,205.6280183
4013,Maricopa,AZ,139.7022562
4015,Mohave,AZ,214.0691427
4017,Navajo,AZ,72.90259009
4019,Pima,AZ,121.9384962
4021,Pinal,AZ,128.0574279
4023,Santa Cruz,AZ,110.3292316
4025,Yavapai,AZ,114.2108553
4027,Yuma,AZ,132.2139049
5001,Arkansas,AR,98.06471328
5003,Ashley,AR,118.6611835
5005,Baxter,AR,71.25728444
5007,Benton,AR,188.1166508
5009,Boone,AR,168.682983
5011,Bradley,AR,120.5877269
5013,Calhoun,AR,89.85058808
5015,Carroll,AR,244.1328438
5017,Chicot,AR,103.7241236
5019,Clark,AR,97.91633916
5021,Clay,AR,205.7353508
5023,Cleburne,AR,110.2755478
5025,Cleveland,AR,140.5660385
5027,Columbia,AR,32.63273917
5029,Conway,AR,87.4441955
5031,Craighead,AR,122.0229874
5033,Crawford,AR,154.9037493
5035,Crittenden,AR,163.1422385
5037,Cross,AR,57.29887787
5039,Dallas,AR,260.219594
5041,Desha,AR,106.0275978
5043,Drew,AR,162.2454006
5045,Faulkner,AR,157.6590158
5047,Franklin,AR,85.41298123
5049,Fulton,AR,129.4041961
5051,Garland,AR,229.35189
5053,Grant,AR,43.56764622
5055,Greene,AR,104.2725148
5057,Hempstead,AR,106.6166969
5059,Hot Spring,AR,110.8890412
5061,Howard,AR,170.0140388
5063,Independence,AR,116.3782643
5065,Izard,AR,121.9840441
5067,Jackson,AR,181.0185973
5069,Jefferson,AR,113.0353098
5071,Johnson,AR,173.2913186
5073,Lafayette,AR,205.1832105
5075,Lawrence,AR,101.1813471
5077,Lee,AR,135.6547216
5079,Lincoln,AR,58.46448739
5081,Little River,AR,136.5812317
5083,Logan,AR,151.4013636
5085,Lonoke,AR,119.2024398
5087,Madison,AR,8.78310409
5089,Marion,AR,38.52479804
5091,Miller,AR,122.1343799
5093,Mississippi,AR,120.9563603
5095,Monroe,AR,233.0101621
5097,Montgomery,AR,163.4369538
5099,Nevada,AR,50.0069691
5101,Newton,AR,158.3378533
5103,Ouachita,AR,178.7071448
5105,Perry,AR,23.63192238
5107,Phillips,AR,154.2093832
5109,Pike,AR,148.8766077
5111,Poinsett,AR,142.3040502
5113,Polk,AR,49.57556315
5115,Pope,AR,124.4060009
5117,Prairie,AR,159.3512302
5119,Pulaski,AR,89.4247268
5121,Randolph,AR,147.9708897
5123,St Francis,AR,190.9581474
5125,Saline,AR,135.9330068
5127,Scott,AR,89.54555722
5129,Searcy,AR,144.7428839
5131,Sebastian,AR,113.7886517
5133,Sevier,AR,124.0570251
5135,Sharp,AR,168.480426
5137,Stone,AR,98.31049027
5139,Union,AR,160.5486478
5141,Van Buren,AR,149.5812501
5143,Washington,AR,162.4273026
5145,White,AR,92.49562492
5147,Woodruff,AR,150.0348085
5149,Yell,AR,92.75504683
6001,Alameda,CA,193.8153773
6003,Alpine,CA,192.5697708
6005,Amador,CA,171.8750658
6007,Butte,CA,195.1389157
6009,Calaveras,CA,131.9302031
6011,Colusa,CA,253.136754
6013,Contra Costa,CA,156.8044772
6015,Del Norte,CA,138.1586155
6017,El Dorado,CA,62.96453436
6019,Fresno,CA,120.3689754
6021,Glenn,CA,99.28931245
6023,Humboldt,CA,153.5975399
6025,Imperial,CA,90.34757616
6027,Inyo,CA,149.0756651
6029,Kern,CA,150.295745
6031,Kings,CA,133.1255546
6033,Lake,CA,47.30090541
6035,Lassen,CA,113.2636528
6037,Los Angeles,CA,159.7321556
6039,Madera,CA,134.5615299
6041,Marin,CA,69.66836091
6043,Mariposa,CA,127.465604
6045,Mendocino,CA,58.66447945
6047,Merced,CA,115.1390568
6049,Modoc,CA,86.42009709
6051,Mono,CA,164.6056957
6053,Monterey,CA,18.38561869
6055,Napa,CA,236.6982365
6057,Nevada,CA,184.4366249
6059,Orange,CA,163.7168291
6061,Placer,CA,26.99922864
6063,Plumas,CA,186.8888905
6065,Riverside,CA,130.1604763
6067,Sacramento,CA,1.114613249
6069,San Benito,CA,191.1486798
6071,San Bernardino,CA,106.6968703
6073,San Diego,CA,192.9412308
6075,San Francisco,CA,73.40655836
6077,San Joaquin,CA,91.0545526
6079,San Luis Obispo,CA,221.6996736
6081,San Mateo,CA,169.7153783
6083,Santa Barbara,CA,138.3932578
6085,Santa Clara,CA,149.6464266
6087,Santa Cruz,CA,157.8363307
6089,Shasta,CA,195.620825
6091,Sierra,CA,116.0791342
6093,Siskiyou,CA,112.5946763
6095,Solano,CA,91.17232569
6097,Sonoma,CA,91.65746759
6099,Stanislaus,CA,84.9215119
6101,Sutter,CA,126.9064042
6103,Tehama,CA,165.1113235
6105,Trinity,CA,170.3534859
6107,Tulare,CA,60.65638927
6109,Tuolumne,CA,146.3271832
6111,Ventura,CA,233.3245336
6113,Yolo,CA,142.2914915
6115,Yuba,CA,123.1156918
8001,Adams,CO,166.2214787
8003,Alamosa,CO,179.4371827
8005,Arapahoe,CO,119.7173398
8007,Archuleta,CO,138.3597777
8009,Baca,CO,113.4102737
8011,Bent,CO,86.54479965
8013,Boulder,CO,157.5973695
8015,Chaffee,CO,145.1730417
8017,Cheyenne,CO,129.0405033
8019,Clear Creek,CO,139.2887616
8021,Conejos,CO,97.67893371
8023,Costilla,CO,101.3261087
8025,Crowley,CO,121.8998994
8027,Custer,CO,163.0376551
8029,Delta,CO,120.844233
8031,Denver,CO,9.439422897
8033,Dolores,CO,192.1641109
8035,Douglas,CO,132.0125126
8037,Eagle,CO,216.4361541
8039,Elbert,CO,93.48709476
8041,El Paso,CO,212.8259447
8043,Fremont,CO,154.9156292
8045,Garfield,CO,215.8463629
8047,Gilpin,CO,115.9815756
8049,Grand,CO,18.69175455
8051,Gunnison,CO,44.65271233
8053,Hinsdale,CO,25.46246008
8055,Huerfano,CO,140.6101431
8057,Jackson,CO,143.8612238
8059,Jefferson,CO,133.6399409
8061,Kiowa,CO,146.7474593
8063,Kit Carson,CO,89.31097602
8065,Lake,CO,97.10158684
8067,La Plata,CO,71.12903221
8069,Larimer,CO,140.6797591
8071,Las Animas,CO,125.3526355
8073,Lincoln,CO,126.6262132
8075,Logan,CO,156.0312024
8077,Mesa,CO,124.9333383
8079,Mineral,CO,131.3074803
8081,Moffat,CO,202.6361946
8083,Montezuma,CO,168.8105272
8085,Montrose,CO,155.7778706
8087,Morgan,CO,75.14806307
8089,Otero,CO,141.405932
8091,Ouray,CO,147.9289574
8093,Park,CO,157.3946685
8095,Phillips,CO,97.99043602
8097,Pitkin,CO,155.1452613
8099,Prowers,CO,74.35916677
8101,Pueblo,CO,104.3676382
8103,Rio Blanco,CO,27.51874824
8105,Rio Grande,CO,115.5819016
8107,Routt,CO,111.3229249
8109,Saguache,CO,137.5788625
8111,San Juan,CO,86.88437724
8113,San Miguel,CO,109.1285247
8115,Sedgwick,CO,47.25357553
8117,Summit,CO,192.6654026
8119,Teller,CO,118.8166537
8121,Washington,CO,96.7673862
8123,Weld,CO,162.1062084
8125,Yuma,CO,227.9947737
9001,Fairfield,CT,172.3971179
9003,Hartford,CT,191.6388831
9005,Litchfield,CT,76.55216477
9007,Middlesex,CT,215.5568788
9009,New Haven,CT,115.1903187
9011,New London,CT,134.6963466
9013,Tolland,CT,92.01751203
9015,Windham,CT,145.4790724
10001,Kent,DE,105.0859081
10003,New Castle,DE,168.0607913
10005,Sussex,DE,101.5639031
11001,Washington,DC,117.2771455
12001,Alachua,FL,56.24466961
12003,Baker,FL,75.4674811
12005,Bay,FL,86.81234453
12007,Bradford,FL,100.1568511
12009,Brevard,FL,127.4047526
12011,Broward,FL,163.5692082
12013,Calhoun,FL,144.8924301
12015,Charlotte,FL,53.41454368
12017,Citrus,FL,116.8803769
12019,Clay,FL,173.7291575
12021,Collier,FL,172.6494641
12023,Columbia,FL,146.2904865
12027,De Soto,FL,141.9363623
12029,Dixie,FL,90.23333151
12031,Duval,FL,156.8142389
12033,Escambia,FL,219.690059
12035,Flagler,FL,110.9870299
12037,Franklin,FL,144.2333246
12039,Gadsden,FL,126.7913796
12041,Gilchrist,FL,26.18080717
12043,Glades,FL,189.7449542
12045,Gulf,FL,180.1470665
12047,Hamilton,FL,169.0254155
12049,Hardee,FL,75.99848106
12051,Hendry,FL,93.81146446
12053,Hernando,FL,157.1082678
12055,Highlands,FL,53.03625309
12057,Hillsborough,FL,157.8849935
12059,Holmes,FL,155.791174
12061,Indian River,FL,52.13194546
12063,Jackson,FL,136.1007693
12065,Jefferson,FL,82.98875533
12067,Lafayette,FL,76.13687729
12069,Lake,FL,151.7438257
12071,Lee,FL,96.99406373
12073,Leon,FL,83.72795923
12075,Levy,FL,63.06146072
12077,Liberty,FL,120.1771242
12079,Madison,FL,58.45195002
12081,Manatee,FL,230.7144528
12083,Marion,FL,188.8197186
12085,Martin,FL,224.2238291
12086,Miami-Dade,FL,130.1681262
12087,Monroe,FL,172.9325422
12089,Nassau,FL,205.2406579
12091,Okaloosa,FL,95.05153838
12093,Okeechobee,FL,128.8005545
12095,Orange,FL,98.04571434
12097,Osceola,FL,246.3264642
12099,Palm Beach,FL,47.09660236
12101,Pasco,FL,202.4385431
12103,Pinellas,FL,78.57014408
12105,Polk,FL,80.33214882
12107,Putnam,FL,199.9322308
12109,St Johns,FL,89.12667357
12111,St Lucie,FL,189.8500806
12113,Santa Rosa,FL,120.2800997
12115,Sarasota,FL,187.0446334
12117,Seminole,FL,119.3005482
12119,Sumter,FL,111.8077405
12121,Suwannee,FL,106.7477259
12123,Taylor,FL,163.7709652
12125,Union,FL,76.70701951
12127,Volusia,FL,57.53737998
12129,Wakulla,FL,105.9694277
12131,Walton,FL,68.96287049
12133,Washington,FL,87.98855483
13001,Appling,GA,152.4208067
13003,Atkinson,GA,54.34528495
13005,Bacon,GA,160.9800799
13007,Baker,GA,177.9994618
13009,Baldwin,GA,149.7517903
13011,Banks,GA,104.5609205
13013,Barrow,GA,90.52536674
13015,Bartow,GA,108.4845408
13017,Ben Hill,GA,53.68122621
13019,Berrien,GA,94.8895655
13021,Bibb,GA,104.234071
13023,Bleckley,GA,178.235625
13025,Brantley,GA,173.876119
13027,Brooks,GA,136.733107
13029,Bryan,GA,44.58760067
13031,Bulloch,GA,178.9628671
13033,Burke,GA,103.3225211
13035,Butts,GA,60.59451808
13037,Calhoun,GA,228.6963422
13039,Camden,GA,245.793338
13043,Candler,GA,107.4335818
13045,Carroll,GA,159.5254161
13047,Catoosa,GA,169.6970917
13049,Charlton,GA,180.3803844
13051,Chatham,GA,113.6738644
13053,Chattahoochee,GA,95.3743348
13055,Chattooga,GA,70.66572991
13057,Cherokee,GA,190.5922377
13059,Clarke,GA,94.12279389
13061,Clay,GA,194.0986734
13063,Clayton,GA,45.20850221
13065,Clinch,GA,88.1968002
13067,Cobb,GA,115.6015693
13069,Coffee,GA,224.8222329
13071,Colquitt,GA,111.2923092
13073,Columbia,GA,134.264011
13075,Cook,GA,46.60944591
13077,Coweta,GA,123.6112475
13079,Crawford,GA,86.2955132
13081,Crisp,GA,135.0556289
13083,Dade,GA,154.0621619
13085,Dawson,GA,102.8164429
13087,Decatur,GA,80.0567955
13089,De Kalb,GA,37.17988682
13091,Dodge,GA,162.1090348
13093,Dooly,GA,158.4410774
13095,Dougherty,GA,143.9203405
13097,Douglas,GA,77.26259416
13099,Early,GA,72.20944846
13101,Echols,GA,74.05727746
13103,Effingham,GA,76.45540876
13105,Elbert,GA,140.675393
13107,Emanuel,GA,153.7501173
13109,Evans,GA,92.28520523
13111,Fannin,GA,110.6737057
13113,Fayette,GA,128.5517817
13115,Floyd,GA,192.3320844
13117,Forsyth,GA,158.8145011
13119,Franklin,GA,142.6636234
13121,Fulton,GA,159.9559922
13123,Gilmer,GA,189.8111323
13125,Glascock,GA,112.5232
13127,Glynn,GA,154.559067
13129,Gordon,GA,71.04201927
13131,Grady,GA,141.5312017
13133,Greene,GA,139.9825415
13135,Gwinnett,GA,120.0830704
13137,Habersham,GA,180.3381382
13139,Hall,GA,116.9170914
13141,Hancock,GA,142.442267
13143,Haralson,GA,202.0175319
13145,Harris,GA,201.1172455
13147,Hart,GA,174.5576604
13149,Heard,GA,211.2748797
13151,Henry,GA,147.2751995
13153,Houston,GA,77.00676159
13155,Irwin,GA,102.0201448
13157,Jackson,GA,160.72467
13159,Jasper,GA,41.35125114
13161,Jeff Davis,GA,175.9611698
13163,Jefferson,GA,218.4109657
13165,Jenkins,GA,72.99758691
13167,Johnson,GA,40.16775301
13169,Jones,GA,116.7587901
13171,Lamar,GA,161.9451825
13173,Lanier,GA,101.2932667
13175,Laurens,GA,186.5214676
13177,Lee,GA,186.9987589
13179,Liberty,GA,225.2967057
13181,Lincoln,GA,138.8586669
13183,Long,GA,146.4172497
13185,Lowndes,GA,178.4684643
13187,Lumpkin,GA,87.82954086
13189,McDuffie,GA,183.4229664
13191,McIntosh,GA,174.7854085
13193,Macon,GA,15.15246021
13195,Madison,GA,106.5837295
13197,Marion,GA,228.6878337
13199,Meriwether,GA,112.2661884
13201,Miller,GA,91.8561495
13205,Mitchell,GA,116.5531506
13207,Monroe,GA,204.4986442
13209,Montgomery,GA,89.15123632
13211,Morgan,GA,101.5000333
13213,Murray,GA,100.8914561
13215,Muscogee,GA,172.7220088
13217,Newton,GA,73.99425293
13219,Oconee,GA,44.97996922
13221,Oglethorpe,GA,119.5856876
13223,Paulding,GA,109.3933409
13225,Peach,GA,171.2302365
13227,Pickens,GA,101.4751186
13229,Pierce,GA,97.48523486
13231,Pike,GA,178.8085027
13233,Polk,GA,215.0077569
13235,Pulaski,GA,42.0437539
13237,Putnam,GA,57.08656168
13239,Quitman,GA,111.2129456
13241,Rabun,GA,266.5488114
13243,Randolph,GA,152.8857485
13245,Richmond,GA,43.8663153
13247,Rockdale,GA,247.7787265
13249,Schley,GA,147.16874
13251,Screven,GA,149.6390235
13253,Seminole,GA,116.3087514
13255,Spalding,GA,80.0701231
13257,Stephens,GA,60.53505033
13259,Stewart,GA,117.9144985
13261,Sumter,GA,118.664647
13263,Talbot,GA,94.5408645
13265,Taliaferro,GA,167.820241
13267,Tattnall,GA,225.3790691
13269,Taylor,GA,207.3791147
13271,Telfair,GA,142.8686316
13273,Terrell,GA,148.321987
13275,Thomas,GA,62.88077629
13277,Tift,GA,132.3028621
13279,Toombs,GA,132.8266303
13281,Towns,GA,162.5651718
13283,Treutlen,GA,202.5026397
13285,Troup,GA,168.6569647
13287,Turner,GA,216.9710547
13289,Twiggs,GA,63.34215084
13291,Union,GA,114.1088496
13293,Upson,GA,129.473801
13295,Walker,GA,175.311118
13297,Walton,GA,88.73550066
13299,Ware,GA,84.28613412
13301,Warren,GA,165.9663207
13303,Washington,GA,71.00296028
13305,Wayne,GA,145.4152462
13307,Webster,GA,49.7028111
13309,Wheeler,GA,148.0205774
13311,White,GA,106.5686046
13313,Whitfield,GA,97.24466806
13315,Wilcox,GA,172.3927892
13317,Wilkes,GA,111.4861087
13319,Wilkinson,GA,128.7245387
13321,Worth,GA,162.0691719
15001,Hawaii,HI,170.2401594
15003,Honolulu,HI,152.2333924
15007,Kauai,HI,110.9033419
15009,Maui,HI,231.6162033
16001,Ada,ID,183.578726
16003,Adams,ID,181.0123429
16005,Bannock,ID,152.9363155
16007,Bear Lake,ID,171.4260205
16009,Benewah,ID,175.6998984
16011,Bingham,ID,230.9043261
16013,Blaine,ID,180.7085337
16015,Boise,ID,207.7736292
16017,Bonner,ID,107.3495326
16019,Bonneville,ID,133.6378727
16021,Boundary,ID,65.7951001
16023,Butte,ID,146.3510368
16025,Camas,ID,163.8488843
16027,Canyon,ID,132.2385052
16029,Caribou,ID,157.8254271
16031,Cassia,ID,107.0437286
16033,Clark,ID,122.7048963
16035,Clearwater,ID,86.4178058
16037,Custer,ID,164.5766055
16039,Elmore,ID,103.5468825
16041,Franklin,ID,155.0822686
16043,Fremont,ID,187.5832692
16045,Gem,ID,112.8568604
16047,Gooding,ID,141.1900786
16049,Idaho,ID,97.45579387
16051,Jefferson,ID,151.7850715
16053,Jerome,ID,77.00570558
16055,Kootenai,ID,75.35921291
16057,Latah,ID,223.5258084
16059,Lemhi,ID,161.4214397
16061,Lewis,ID,102.7735438
16063,Lincoln,ID,149.3383844
16065,Madison,ID,265.976198
16067,Minidoka,ID,113.9341369
16069,Nez Perce,ID,98.78678643
16071,Oneida,ID,167.3229593
16073,Owyhee,ID,66.24417577
16075,Payette,ID,182.8126383
16077,Power,ID,154.9066245
16079,Shoshone,ID,19.14644098
16081,Teton,ID,174.8204667
16083,Twin Falls,ID,189.7652854
16085,Valley,ID,70.7898886
16087,Washington,ID,108.6570528
17001,Adams,IL,186.3410092
17003,Alexander,IL,114.8174023
17005,Bond,IL,128.5022809
17007,Boone,IL,170.743471
17009,Brown,IL,97.76092709
17011,Bureau,IL,39.09455475
17013,Calhoun,IL,94.19760286
17015,Carroll,IL,215.6250082
17017,Cass,IL,163.3179516
17019,Champaign,IL,177.7655735
17021,Christian,IL,185.4414173
17023,Clark,IL,225.5190561
17025,Clay,IL,149.7360182
17027,Clinton,IL,80.31700336
17029,Coles,IL,191.0713354
17031,Cook,IL,155.7030354
17033,Crawford,IL,68.67305522
17035,Cumberland,IL,120.867103
17037,De Kalb,IL,168.4500381
17039,De Witt,IL,81.54119049
17041,Douglas,IL,146.8993877
17043,Du Page,IL,154.9593043
17045,Edgar,IL,201.423605
17047,Edwards,IL,207.4811001
17049,Effingham,IL,120.8392376
17051,Fayette,IL,145.9334788
17053,Ford,IL,207.7678663
17055,Franklin,IL,192.2268334
17057,Fulton,IL,152.6808968
17059,Gallatin,IL,142.3902799
17061,Greene,IL,113.2674852
17063,Grundy,IL,103.4662527
17065,Hamilton,IL,181.4154667
17067,Hancock,IL,60.86231156
17069,Hardin,IL,169.9392724
17071,Henderson,IL,153.5934337
17073,Henry,IL,162.2581075
17075,Iroquois,IL,97.0735593
17077,Jackson,IL,107.3498584
17079,Jasper,IL,74.34822156
17081,Jefferson,IL,108.5309633
17083,Jersey,IL,62.65982122
17085,Jo Daviess,IL,162.7181096
17087,Johnson,IL,46.94795556
17089,Kane,IL,204.2190216
17091,Kankakee,IL,190.003255
17093,Kendall,IL,100.3822187
17095,Knox,IL,177.8146406
17097,Lake,IL,201.7695494
17099,La Salle,IL,85.43535296
17101,Lawrence,IL,178.210134
17103,Lee,IL,92.17947084
17105,Livingston,IL,94.36466347
17107,Logan,IL,147.3186704
17109,McDonough,IL,167.7091928
17111,McHenry,IL,48.0287851
17113,McLean,IL,144.1954264
17115,Macon,IL,180.0276833
17117,Macoupin,IL,96.25370179
17119,Madison,IL,67.68973227
17121,Marion,IL,136.5981205
17123,Marshall,IL,207.1986007
17125,Mason,IL,123.5057215
17127,Massac,IL,204.8427997
17129,Menard,IL,74.54698175
17131,Mercer,IL,171.0159493
17133,Monroe,IL,204.5467028
17135,Montgomery,IL,6.916173769
17137,Morgan,IL,179.5531794
17139,Moultrie,IL,101.8129548
17141,Ogle,IL,48.27239317
17143,Peoria,IL,110.9737945
17145,Perry,IL,50.62221995
17147,Piatt,IL,75.05891446
17149,Pike,IL,46.20198239
17151,Pope,IL,225.8749757
17153,Pulaski,IL,92.26349102
17155,Putnam,IL,134.2682287
17157,Randolph,IL,86.07218253
17159,Richland,IL,123.3840927
17161,Rock Island,IL,233.5588722
17163,St Clair,IL,154.183222
17165,Saline,IL,196.2520472
17167,Sangamon,IL,127.9899206
17169,Schuyler,IL,213.4469053
17171,Scott,IL,180.8282797
17173,Shelby,IL,196.1666443
17175,Stark,IL,82.9680988
17177,Stephenson,IL,135.8789996
17179,Tazewell,IL,147.3275185
17181,Union,IL,55.10089344
17183,Vermilion,IL,21.39860286
17185,Wabash,IL,131.8024482
17187,Warren,IL,188.7893185
17189,Washington,IL,132.9639098
17191,Wayne,IL,145.5309715
17193,White,IL,131.8423806
17195,Whiteside,IL,161.4186324
17197,Will,IL,134.8152702
17199,Williamson,IL,78.12674094
17201,Winnebago,IL,81.37593455
17203,Woodford,IL,138.5979782
18001,Adams,IN,201.999326
18003,Allen,IN,135.3459486
18005,Bartholomew,IN,135.9327343
18007,Benton,IN,116.9002833
18009,Blackford,IN,236.3260717
18011,Boone,IN,144.9170075
18013,Brown,IN,158.0375478
18015,Carroll,IN,83.69116647
18017,Cass,IN,137.7286361
18019,Clark,IN,104.1427325
18021,Clay,IN,111.5317684
18023,Clinton,IN,114.3000261
18025,Crawford,IN,112.0923884
18027,Daviess,IN,119.8129865
18029,Dearborn,IN,182.6935478
18031,Decatur,IN,75.24629218
18033,De Kalb,IN,141.7068363
18035,Delaware,IN,195.7315749
18037,Dubois,IN,103.7578007
18039,Elkhart,IN,158.7785729
18041,Fayette,IN,167.5651753
18043,Floyd,IN,111.1906903
18045,Fountain,IN,167.6417337
18047,Franklin,IN,110.3553688
18049,Fulton,IN,113.7433983
18051,Gibson,IN,131.0696401
18053,Grant,IN,167.0726297
18055,Greene,IN,142.4067666
18057,Hamilton,IN,134.519382
18059,Hancock,IN,109.1809035
18061,Harrison,IN,87.94101194
18063,Hendricks,IN,61.60649569
18065,Henry,IN,99.8120133
18067,Howard,IN,124.2859004
18069,Huntington,IN,170.1056041
18071,Jackson,IN,33.25898817
18073,Jasper,IN,217.6223266
18075,Jay,IN,149.3118352
18077,Jefferson,IN,113.4997605
18079,Jennings,IN,93.59766042
18081,Johnson,IN,34.70468647
18083,Knox,IN,194.0210485
18085,Kosciusko,IN,128.555104
18087,La Grange,IN,120.6585834
18089,Lake,IN,146.5698607
18091,La Porte,IN,73.51715805
18093,Lawrence,IN,68.83773349
18095,Madison,IN,95.09155387
18097,Marion,IN,171.0583426
18099,Marshall,IN,145.3478991
18101,Martin,IN,14.43570151
18103,Miami,IN,173.4913278
18105,Monroe,IN,147.6418766
18107,Montgomery,IN,104.7303247
18109,Morgan,IN,114.7318537
18111,Newton,IN,173.7882803
18113,Noble,IN,143.8414923
18115,Ohio,IN,95.84959861
18117,Orange,IN,101.0818832
18119,Owen,IN,109.4883981
18121,Parke,IN,44.26889587
18123,Perry,IN,131.8087069
18125,Pike,IN,69.37199734
18127,Porter,IN,186.1699817
18129,Posey,IN,79.84902898
18131,Pulaski,IN,84.04076144
18133,Putnam,IN,163.816118
18135,Randolph,IN,55.31253744
18137,Ripley,IN,157.8122428
18139,Rush,IN,126.3912448
18141,St Joseph,IN,140.734174
18143,Scott,IN,128.869608
18145,Shelby,IN,86.49647622
18147,Spencer,IN,140.4963328
18149,Starke,IN,170.906497
18151,Steuben,IN,114.070439
18153,Sullivan,IN,210.8996327
18155,Switzerland,IN,85.85916215
18157,Tippecanoe,IN,166.4686628
18159,Tipton,IN,72.99587199
18161,Union,IN,218.8280726
18163,Vanderburgh,IN,141.6379482
18165,Vermillion,IN,115.7542694
18167,Vigo,IN,93.56069181
18169,Wabash,IN,185.4189445
18171,Warren,IN,135.4215462
18173,Warrick,IN,146.5548978
18175,Washington,IN,164.1896818
18177,Wayne,IN,141.6734997
18179,Wells,IN,241.4568271
18181,White,IN,93.74561609
18183,Whitley,IN,124.191937
19001,Adair,IA,34.06017433
19003,Adams,IA,58.81607232
19005,Allamakee,IA,151.7835592
19007,Appanoose,IA,189.1407455
19009,Audubon,IA,128.7961488
19011,Benton,IA,111.8148313
19013,Black Hawk,IA,141.1470182
19015,Boone,IA,114.4554146
19017,Bremer,IA,58.58661081
19019,Buchanan,IA,177.0974381
19021,Buena Vista,IA,90.18626662
19023,Butler,IA,157.8097661
19025,Calhoun,IA,133.9854899
19027,Carroll,IA,23.5902438
19029,Cass,IA,274.2382157
19031,Cedar,IA,125.3070021
19033,Cerro Gordo,IA,131.8533353
19035,Cherokee,IA,72.34980933
19037,Chickasaw,IA,109.2572487
19039,Clarke,IA,92.61458881
19041,Clay,IA,154.2982468
19043,Clayton,IA,111.5000804
19045,Clinton,IA,108.600092
19047,Crawford,IA,172.8339115
19049,Dallas,IA,121.852714
19051,Davis,IA,59.89391362
19053,Decatur,IA,99.60511609
19055,Delaware,IA,136.2004769
19057,Des Moines,IA,163.9968743
19059,Dickinson,IA,123.7686788
19061,Dubuque,IA,40.383354
19063,Emmet,IA,200.3533934
19065,Fayette,IA,97.04903718
19067,Floyd,IA,153.6581201
19069,Franklin,IA,109.3758856
19071,Fremont,IA,38.78609148
19073,Greene,IA,133.2065047
19075,Grundy,IA,136.0761167
19077,Guthrie,IA,197.1325229
19079,Hamilton,IA,94.081764
19081,Hancock,IA,41.95659665
19083,Hardin,IA,137.416491
19085,Harrison,IA,213.2445504
19087,Henry,IA,199.162197
19089,Howard,IA,98.34906422
19091,Humboldt,IA,136.3544495
19093,Ida,IA,184.3867697
19095,Iowa,IA,161.5617441
19097,Jackson,IA,84.60579077
19099,Jasper,IA,135.4268413
19101,Jefferson,IA,131.0191854
19103,Johnson,IA,81.59188268
19105,Jones,IA,164.6293975
19107,Keokuk,IA,159.9652734
19109,Kossuth,IA,94.4222274
19111,Lee,IA,163.6101564
19113,Linn,IA,178.1032579
19115,Louisa,IA,139.1076516
19117,Lucas,IA,80.09401613
19119,Lyon,IA,214.8669711
19121,Madison,IA,10.41984847
19123,Mahaska,IA,130.6401226
19125,Marion,IA,131.2228219
19127,Marshall,IA,82.24204407
19129,Mills,IA,124.1261206
19131,Mitchell,IA,160.7912053
19133,Monona,IA,161.9327085
19135,Monroe,IA,164.9982927
19137,Montgomery,IA,142.6919944
19139,Muscatine,IA,155.124217
19141,O Brien,IA,233.0276839
19143,Osceola,IA,113.3579737
19145,Page,IA,177.6502999
19147,Palo Alto,IA,203.4346344
19149,Plymouth,IA,99.93154857
19151,Pocahontas,IA,104.3699135
19153,Polk,IA,87.80021642
19155,Pottawattamie,IA,204.3575829
19157,Poweshiek,IA,97.96851444
19159,Ringgold,IA,153.3931551
19161,Sac,IA,207.7437008
19163,Scott,IA,145.423641
19165,Shelby,IA,220.4392851
19167,Sioux,IA,74.6785926
19169,Story,IA,96.80716517
19171,Tama,IA,-10.63582544
19173,Taylor,IA,199.8051083
19175,Union,IA,80.31632783
19177,Van Buren,IA,113.4105658
19179,Wapello,IA,117.7295397
19181,Warren,IA,111.8743669
19183,Washington,IA,114.2266153
19185,Wayne,IA,221.5976112
19187,Webster,IA,92.61300661
19189,Winnebago,IA,109.1224205
19191,Winneshiek,IA,114.4044088
19193,Woodbury,IA,156.1929895
19195,Worth,IA,39.65779288
19197,Wright,IA,138.5033582
20001,Allen,KS,81.71988131
20003,Anderson,KS,173.8480383
20005,Atchison,KS,176.5287788
20007,Barber,KS,112.6531527
20009,Barton,KS,69.06778112
20011,Bourbon,KS,113.9550197
20013,Brown,KS,161.4322708
20015,Butler,KS,154.1362053
20017,Chase,KS,76.17815416
20019,Chautauqua,KS,66.90193702
20021,Cherokee,KS,76.17560403
20023,Cheyenne,KS,79.1938312
20025,Clark,KS,115.1545409
20027,Clay,KS,-15.84855013
20029,Cloud,KS,135.7849669
20031,Coffey,KS,66.47742653
20033,Comanche,KS,100.6434827
20035,Cowley,KS,143.2783601
20037,Crawford,KS,169.263335
20039,Decatur,KS,92.40724116
20041,Dickinson,KS,150.2692983
20043,Doniphan,KS,90.49828616
20045,Douglas,KS,4.474275505
20047,Edwards,KS,214.9467797
20049,Elk,KS,178.4695126
20051,Ellis,KS,166.3688665
20053,Ellsworth,KS,86.01050435
20055,Finney,KS,79.18021655
20057,Ford,KS,112.2696303
20059,Franklin,KS,33.08714568
20061,Geary,KS,189.9014698
20063,Gove,KS,74.86091964
20065,Graham,KS,154.0145243
20067,Grant,KS,223.0771501
20069,Gray,KS,75.29836331
20071,Greeley,KS,75.50885246
20073,Greenwood,KS,77.76808209
20075,Hamilton,KS,148.8388481
20077,Harper,KS,125.1747426
20079,Harvey,KS,63.30539139
20081,Haskell,KS,183.8883602
20083,Hodgeman,KS,7.079733401
20085,Jackson,KS,133.9361765
20087,Jefferson,KS,14.96336919
20089,Jewell,KS,100.1917535
20091,Johnson,KS,89.51509865
20093,Kearny,KS,103.4358881
20095,Kingman,KS,158.3868754
20097,Kiowa,KS,116.2840827
20099,Labette,KS,101.8853721
20101,Lane,KS,124.8532667
20103,Leavenworth,KS,77.97862076
20105,Lincoln,KS,118.9883159
20107,Linn,KS,171.8111935
20109,Logan,KS,102.1281517
20111,Lyon,KS,126.9886764
20113,McPherson,KS,51.68872621
20115,Marion,KS,170.4238172
20117,Marshall,KS,88.52470179
20119,Meade,KS,66.86514869
20121,Miami,KS,169.388409
20123,Mitchell,KS,115.2111814
20125,Montgomery,KS,102.6202574
20127,Morris,KS,65.01507361
20129,Morton,KS,147.1774846
20131,Nemaha,KS,103.7569957
20133,Neosho,KS,122.7579556
20135,Ness,KS,119.3880626
20137,Norton,KS,150.8844019
20139,Osage,KS,109.8786989
20141,Osborne,KS,104.8958346
20143,Ottawa,KS,156.2112078
20145,Pawnee,KS,144.9753263
20147,Phillips,KS,215.7291442
20149,Pottawatomie,KS,199.0302337
20151,Pratt,KS,120.0969117
20153,Rawlins,KS,135.8462842
20155,Reno,KS,53.8650392
20157,Republic,KS,160.5335649
20159,Rice,KS,26.09012435
20161,Riley,KS,139.3223647
20163,Rooks,KS,112.6796834
20165,Rush,KS,83.97553286
20167,Russell,KS,95.3269789
20169,Saline,KS,28.50281258
20171,Scott,KS,217.2398542
20173,Sedgwick,KS,118.5922004
20175,Seward,KS,125.8958086
20177,Shawnee,KS,137.3341223
20179,Sheridan,KS,133.2970821
20181,Sherman,KS,155.6283066
20183,Smith,KS,37.83455149
20185,Stafford,KS,208.7987751
20187,Stanton,KS,174.6529768
20189,Stevens,KS,178.7122611
20191,Sumner,KS,120.4016971
20193,Thomas,KS,72.89436883
20195,Trego,KS,110.1549406
20197,Wabaunsee,KS,240.5114503
20199,Wallace,KS,126.6936413
20201,Washington,KS,125.2482776
20203,Wichita,KS,102.1057698
20205,Wilson,KS,101.5283949
20207,Woodson,KS,83.81956368
20209,Wyandotte,KS,191.5281999
21001,Adair,KY,117.8400582
21003,Allen,KY,224.1523793
21005,Anderson,KY,139.0884904
21007,Ballard,KY,192.8716161
21009,Barren,KY,150.4943809
21011,Bath,KY,103.5834273
21013,Bell,KY,129.8431526
21015,Boone,KY,132.1247832
21017,Bourbon,KY,119.5943376
21019,Boyd,KY,104.3362007
21021,Boyle,KY,205.168576
21023,Bracken,KY,192.9690738
21025,Breathitt,KY,140.405982
21027,Breckinridge,KY,167.1521048
21029,Bullitt,KY,182.0466508
21031,Butler,KY,169.0355076
21033,Caldwell,KY,134.1651201
21035,Calloway,KY,198.7219635
21037,Campbell,KY,150.9725365
21039,Carlisle,KY,140.7147891
21041,Carroll,KY,51.18061292
21043,Carter,KY,101.7495898
21045,Casey,KY,133.7827305
21047,Christian,KY,201.6286464
21049,Clark,KY,149.0076859
21051,Clay,KY,-2.11196588
21053,Clinton,KY,126.1557025
21055,Crittenden,KY,153.2563779
21057,Cumberland,KY,84.57952077
21059,Daviess,KY,129.5001766
21061,Edmonson,KY,145.8264657
21063,Elliott,KY,163.2608177
21065,Estill,KY,88.00848653
21067,Fayette,KY,64.77484824
21069,Fleming,KY,185.6220517
21071,Floyd,KY,136.6652707
21073,Franklin,KY,84.92651316
21075,Fulton,KY,110.1120113
21077,Gallatin,KY,-21.64108995
21079,Garrard,KY,94.61613289
21081,Grant,KY,80.28456746
21083,Graves,KY,127.9829803
21085,Grayson,KY,-21.99843243
21087,Green,KY,180.5992275
21089,Greenup,KY,141.489858
21091,Hancock,KY,124.8599341
21093,Hardin,KY,125.0466082
21095,Harlan,KY,140.0241815
21097,Harrison,KY,122.2712262
21099,Hart,KY,233.1899763
21101,Henderson,KY,210.2152896
21103,Henry,KY,92.94320602
21105,Hickman,KY,111.160314
21107,Hopkins,KY,148.3552627
21109,Jackson,KY,80.57418893
21111,Jefferson,KY,102.6073075
21113,Jessamine,KY,142.2936309
21115,Johnson,KY,81.54128986
21117,Kenton,KY,99.7572865
21119,Knott,KY,167.1242625
21121,Knox,KY,65.26650305
21123,Larue,KY,120.2875207
21125,Laurel,KY,75.98033329
21127,Lawrence,KY,147.0784138
21129,Lee,KY,111.643801
21131,Leslie,KY,142.4172105
21133,Letcher,KY,146.0158786
21135,Lewis,KY,44.77800895
21137,Lincoln,KY,135.1692441
21139,Livingston,KY,38.64798761
21141,Logan,KY,153.3949992
21143,Lyon,KY,110.7617963
21145,McCracken,KY,116.4893214
21147,McCreary,KY,263.0115793
21149,McLean,KY,105.2516834
21151,Madison,KY,163.4705074
21153,Magoffin,KY,156.7468004
21155,Marion,KY,114.8061687
21157,Marshall,KY,124.7131516
21159,Martin,KY,0.957246352
21161,Mason,KY,115.7640094
21163,Meade,KY,182.4520239
21165,Menifee,KY,150.5039132
21167,Mercer,KY,154.7586815
21169,Metcalfe,KY,150.0175472
21171,Monroe,KY,183.9671289
21173,Montgomery,KY,128.0550001
21175,Morgan,KY,183.0313268
21177,Muhlenberg,KY,179.5301657
21179,Nelson,KY,140.4491059
21181,Nicholas,KY,137.510566
21183,Ohio,KY,124.5521024
21185,Oldham,KY,152.6016328
21187,Owen,KY,11.82399688
21189,Owsley,KY,128.8880189
21191,Pendleton,KY,181.9915208
21193,Perry,KY,152.3347159
21195,Pike,KY,56.41637965
21197,Powell,KY,44.23269741
21199,Pulaski,KY,77.65592802
21201,Robertson,KY,84.15941092
21203,Rockcastle,KY,120.9263083
21205,Rowan,KY,227.6566102
21207,Russell,KY,61.34191705
21209,Scott,KY,121.0907699
21211,Shelby,KY,132.8158738
21213,Simpson,KY,105.2149603
21215,Spencer,KY,110.6171198
21217,Taylor,KY,193.698655
21219,Todd,KY,184.0070846
21221,Trigg,KY,131.0326908
21223,Trimble,KY,173.785855
21225,Union,KY,63.73638579
21227,Warren,KY,226.369061
21229,Washington,KY,175.2182868
21231,Wayne,KY,208.2167863
21233,Webster,KY,254.6777629
21235,Whitley,KY,163.824662
21237,Wolfe,KY,165.4060071
21239,Woodford,KY,126.3771419
22001,Acadia,LA,202.0019863
22003,Allen,LA,218.8422275
22005,Ascension,LA,136.2933801
22007,Assumption,LA,55.33280487
22009,Avoyelles,LA,163.5551466
22011,Beauregard,LA,36.9008236
22013,Bienville,LA,142.8357974
22015,Bossier,LA,162.6596385
22017,Caddo,LA,231.9420681
22019,Calcasieu,LA,180.287512
22021,Caldwell,LA,197.5958158
22023,Cameron,LA,135.516502
22025,Catahoula,LA,212.8228626
22027,Claiborne,LA,112.7278888
22029,Concordia,LA,58.5735444
22031,De Soto,LA,90.53389417
22033,East Baton Rouge,LA,122.482836
22035,East Carroll,LA,79.11748642
22037,East Feliciana,LA,103.0639605
22039,Evangeline,LA,69.47134679
22041,Franklin,LA,194.5295872
22043,Grant,LA,126.0697378
22045,Iberia,LA,172.9422892
22047,Iberville,LA,108.3568119
22049,Jackson,LA,179.4948442
22051,Jefferson,LA,114.5288301
22053,Jefferson Davis,LA,70.92344097
22055,Lafayette,LA,142.2937198
22057,Lafourche,LA,145.9900823
22059,La Salle,LA,139.8376338
22061,Lincoln,LA,140.7288718
22063,Livingston,LA,100.2842803
22065,Madison,LA,154.8580791
22067,Morehouse,LA,59.5208983
22069,Natchitoches,LA,164.9387173
22071,Orleans,LA,86.13608625
22073,Ouachita,LA,125.9908425
22075,Plaquemines,LA,84.5799421
22077,Pointe Coupee,LA,126.7049033
22079,Rapides,LA,175.1582054
22081,Red River,LA,144.1458286
22083,Richland,LA,166.7138624
22085,Sabine,LA,171.2323995
22087,St Bernard,LA,131.0979062
22089,St Charles,LA,148.9036205
22091,St Helena,LA,160.5701579
22093,St James,LA,116.5849192
22095,St John the Baptist,LA,164.7464246
22097,St Landry,LA,135.2590908
22099,St Martin,LA,151.0782832
22101,St Mary,LA,142.7479235
22103,St Tammany,LA,201.0919475
22105,Tangipahoa,LA,73.15678305
22107,Tensas,LA,50.70617444
22109,Terrebonne,LA,68.77983995
22111,Union,LA,162.0596365
22113,Vermilion,LA,54.1527942
22115,Vernon,LA,157.1000494
22117,Washington,LA,41.42866778
22119,Webster,LA,124.0960783
22121,West Baton Rouge,LA,87.86383053
22123,West Carroll,LA,111.8202816
22125,West Feliciana,LA,149.9558675
22127,Winn,LA,45.0701987
23001,Androscoggin,ME,122.8987642
23003,Aroostook,ME,115.0933478
23005,Cumberland,ME,146.0328228
23007,Franklin,ME,210.0901292
23009,Hancock,ME,192.7510773
23011,Kennebec,ME,257.8085656
23013,Knox,ME,199.9414349
23015,Lincoln,ME,144.9546121
23017,Oxford,ME,95.24246974
23019,Penobscot,ME,109.5660496
23021,Piscataquis,ME,153.9654191
23023,Sagadahoc,ME,118.8809847
23025,Somerset,ME,68.720949
23027,Waldo,ME,71.10154253
23029,Washington,ME,182.1644037
23031,York,ME,137.8564423
24001,Allegany,MD,30.47599254
24003,Anne Arundel,MD,168.0258678
24005,Baltimore,MD,120.6939983
24009,Calvert,MD,134.9282586
24011,Caroline,MD,10.80128209
24013,Carroll,MD,54.00105475
24015,Cecil,MD,152.646128
24017,Charles,MD,137.22821
24019,Dorchester,MD,90.01556207
24021,Frederick,MD,148.8398888
24023,Garrett,MD,139.1726609
24025,Harford,MD,53.00839229
24027,Howard,MD,231.1076021
24029,Kent,MD,145.3222483
24031,Montgomery,MD,37.43646424
24033,Prince Georges,MD,162.3491786
24035,Queen Annes,MD,218.3299406
24037,St Marys,MD,106.81041
24039,Somerset,MD,177.5790131
24041,Talbot,MD,91.46625037
24043,Washington,MD,186.0704878
24045,Wicomico,MD,174.1330594
24047,Worcester,MD,206.2065789
24510,Baltimore City,MD,151.4451373
25001,Barnstable,MA,143.1368009
25003,Berkshire,MA,125.9167863
25005,Bristol,MA,102.8056316
25007,Dukes,MA,210.1691476
25009,Essex,MA,141.0015747
25011,Franklin,MA,188.9173198
25013,Hampden,MA,191.4307771
25015,Hampshire,MA,83.83610876
25017,Middlesex,MA,77.88821223
25019,Nantucket,MA,-8.308006906
25021,Norfolk,MA,203.4032687
25023,Plymouth,MA,143.2684513
25025,Suffolk,MA,204.1013648
25027,Worcester,MA,137.3211006
26001,Alcona,MI,197.7808297
26003,Alger,MI,192.512733
26005,Allegan,MI,153.4261776
26007,Alpena,MI,203.3023235
26009,Antrim,MI,103.0003895
26011,Arenac,MI,168.0653073
26013,Baraga,MI,156.3312004
26015,Barry,MI,154.0963217
26017,Bay,MI,135.7408835
26019,Benzie,MI,128.0139981
26021,Berrien,MI,133.0817367
26023,Branch,MI,184.7888387
26025,Calhoun,MI,123.5065502
26027,Cass,MI,160.7372759
26029,Charlevoix,MI,126.1632097
26031,Cheboygan,MI,81.59203097
26033,Chippewa,MI,173.5302857
26035,Clare,MI,133.4261983
26037,Clinton,MI,204.2233376
26039,Crawford,MI,82.72759056
26041,Delta,MI,107.2088611
26043,Dickinson,MI,186.8275752
26045,Eaton,MI,160.709144
26047,Emmet,MI,224.2787767
26049,Genesee,MI,202.7159932
26051,Gladwin,MI,122.4298259
26053,Gogebic,MI,59.88622045
26055,Grand Traverse,MI,129.4744831
26057,Gratiot,MI,119.6888866
26059,Hillsdale,MI,205.6553235
26061,Houghton,MI,139.2255922
26063,Huron,MI,173.5394243
26065,Ingham,MI,165.3594383
26067,Ionia,MI,194.4599821
26069,Iosco,MI,129.6819212
26071,Iron,MI,141.4463978
26073,Isabella,MI,161.6795541
26075,Jackson,MI,95.2077636
26077,Kalamazoo,MI,140.1149036
26079,Kalkaska,MI,78.65924856
26081,Kent,MI,85.15951183
26083,Keweenaw,MI,122.9736152
26085,Lake,MI,151.1966314
26087,Lapeer,MI,185.6219595
26089,Leelanau,MI,241.157706
26091,Lenawee,MI,128.1223973
26093,Livingston,MI,195.3280475
26095,Luce,MI,260.3102462
26097,Mackinac,MI,138.1125197
26099,Macomb,MI,139.406106
26101,Manistee,MI,127.2115879
26103,Marquette,MI,160.1938403
26105,Mason,MI,135.6673875
26107,Mecosta,MI,240.1929606
26109,Menominee,MI,148.728616
26111,Midland,MI,173.6465491
26113,Missaukee,MI,66.26996701
26115,Monroe,MI,61.99957276
26117,Montcalm,MI,165.7101822
26119,Montmorency,MI,141.649271
26121,Muskegon,MI,93.45938526
26123,Newaygo,MI,229.8052399
26125,Oakland,MI,158.7907498
26127,Oceana,MI,124.8565832
26129,Ogemaw,MI,183.7427857
26131,Ontonagon,MI,142.5190974
26133,Osceola,MI,104.286727
26135,Oscoda,MI,133.7822629
26137,Otsego,MI,122.6158132
26139,Ottawa,MI,84.77042892
26141,Presque Isle,MI,108.4965618
26143,Roscommon,MI,94.87947638
26145,Saginaw,MI,233.0873638
26147,St Clair,MI,170.8076174
26149,St Joseph,MI,168.9697659
26151,Sanilac,MI,184.3495273
26153,Schoolcraft,MI,177.01689
26155,Shiawassee,MI,188.1600699
26157,Tuscola,MI,105.6405714
26159,Van Buren,MI,233.1624585
26161,Washtenaw,MI,50.09546798
26163,Wayne,MI,82.78458609
26165,Wexford,MI,149.7103917
27001,Aitkin,MN,32.78436301
27003,Anoka,MN,201.746267
27005,Becker,MN,107.1093384
27007,Beltrami,MN,111.1885609
27009,Benton,MN,158.9669312
27011,Big Stone,MN,54.99700879
27013,Blue Earth,MN,131.1105575
27015,Brown,MN,81.47164145
27017,Carlton,MN,146.4338824
27019,Carver,MN,113.4397474
27021,Cass,MN,48.47591626
27023,Chippewa,MN,104.9191794
27025,Chisago,MN,169.2453529
27027,Clay,MN,158.9815033
27029,Clearwater,MN,57.22159205
27031,Cook,MN,144.617291
27033,Cottonwood,MN,141.0401153
27035,Crow Wing,MN,154.3087786
27037,Dakota,MN,120.790132
27039,Dodge,MN,67.72012317
27041,Douglas,MN,124.7991425
27043,Faribault,MN,181.4109407
27045,Fillmore,MN,267.4278637
27047,Freeborn,MN,125.6344668
27049,Goodhue,MN,180.5737699
27051,Grant,MN,222.8767827
27053,Hennepin,MN,47.18619355
27055,Houston,MN,129.4617952
27057,Hubbard,MN,71.31176397
27059,Isanti,MN,258.5162458
27061,Itasca,MN,133.5735574
27063,Jackson,MN,81.97209602
27065,Kanabec,MN,186.3204126
27067,Kandiyohi,MN,246.2735752
27069,Kittson,MN,138.4438203
27071,Koochiching,MN,75.87475194
27073,Lac qui Parle,MN,122.2473629
27075,Lake,MN,97.44384717
27077,Lake of the Woods,MN,100.9908851
27079,Le Sueur,MN,166.4267718
27081,Lincoln,MN,157.042629
27083,Lyon,MN,151.4321064
27085,McLeod,MN,46.13108991
27087,Mahnomen,MN,126.7215529
27089,Marshall,MN,208.5960486
27091,Martin,MN,206.919176
27093,Meeker,MN,158.5508005
27095,Mille Lacs,MN,62.70671384
27097,Morrison,MN,183.2280067
27099,Mower,MN,82.56631789
27101,Murray,MN,113.5268915
27103,Nicollet,MN,107.1489389
27105,Nobles,MN,214.3878503
27107,Norman,MN,110.1343048
27109,Olmsted,MN,123.5767743
27111,Otter Tail,MN,61.4737235
27113,Pennington,MN,168.0598832
27115,Pine,MN,122.2704867
27117,Pipestone,MN,82.88273174
27119,Polk,MN,201.9119326
27121,Pope,MN,165.1809829
27123,Ramsey,MN,157.771437
27125,Red Lake,MN,123.4059503
27127,Redwood,MN,94.23300153
27129,Renville,MN,150.1170173
27131,Rice,MN,67.03138453
27133,Rock,MN,140.4289832
27135,Roseau,MN,105.1691993
27137,St Louis,MN,82.52137301
27139,Scott,MN,88.77423732
27141,Sherburne,MN,126.7732956
27143,Sibley,MN,144.7457736
27145,Stearns,MN,95.34444789
27147,Steele,MN,215.0325566
27149,Stevens,MN,251.5446623
27151,Swift,MN,151.1986685
27153,Todd,MN,208.9206194
27155,Traverse,MN,127.0221068
27157,Wabasha,MN,124.8489836
27159,Wadena,MN,69.07071518
27161,Waseca,MN,181.8162873
27163,Washington,MN,135.2727501
27165,Watonwan,MN,131.157139
27167,Wilkin,MN,187.1830113
27169,Winona,MN,223.5731994
27171,Wright,MN,128.5753999
27173,Yellow Medicine,MN,190.423742
28001,Adams,MS,77.19925032
28003,Alcorn,MS,104.1112283
28005,Amite,MS,155.4030859
28007,Attala,MS,84.63743681
28009,Benton,MS,105.0782455
28011,Bolivar,MS,133.6786983
28013,Calhoun,MS,165.0405331
28015,Carroll,MS,107.6361995
28017,Chickasaw,MS,177.5886467
28019,Choctaw,MS,185.8410436
28021,Claiborne,MS,245.4380836
28023,Clarke,MS,249.3960513
28025,Clay,MS,101.9180593
28027,Coahoma,MS,123.5933663
28029,Copiah,MS,142.2559942
28031,Covington,MS,119.5537758
28033,De Soto,MS,110.3543656
28035,Forrest,MS,116.871919
28037,Franklin,MS,130.1467533
28039,George,MS,-6.926210731
28041,Greene,MS,129.7580253
28043,Grenada,MS,101.9070249
28045,Hancock,MS,-11.84774576
28047,Harrison,MS,84.15467018
28049,Hinds,MS,71.06388215
28051,Holmes,MS,83.23120043
28053,Humphreys,MS,107.8164567
28055,Issaquena,MS,38.97671417
28057,Itawamba,MS,114.4125999
28059,Jackson,MS,164.3055366
28061,Jasper,MS,162.1609518
28063,Jefferson,MS,124.7014059
28065,Jefferson Davis,MS,132.7816097
28067,Jones,MS,39.95209792
28069,Kemper,MS,101.5284424
28071,Lafayette,MS,192.0320203
28073,Lamar,MS,107.7428542
28075,Lauderdale,MS,58.36324426
28077,Lawrence,MS,214.0943034
28079,Leake,MS,119.0842852
28081,Lee,MS,93.01142301
28083,Leflore,MS,191.9950748
28085,Lincoln,MS,74.10220663
28087,Lowndes,MS,40.19228977
28089,Madison,MS,134.1851969
28091,Marion,MS,91.59113831
28093,Marshall,MS,127.1655382
28095,Monroe,MS,124.0177024
28097,Montgomery,MS,151.0675666
28099,Neshoba,MS,111.5702626
28101,Newton,MS,171.8620505
28103,Noxubee,MS,170.9731415
28105,Oktibbeha,MS,187.8508396
28107,Panola,MS,185.1974362
28109,Pearl River,MS,215.0642433
28111,Perry,MS,174.1059414
28113,Pike,MS,99.16683254
28115,Pontotoc,MS,83.00344531
28117,Prentiss,MS,51.3215845
28119,Quitman,MS,226.7557673
28121,Rankin,MS,118.5016735
28123,Scott,MS,134.3099676
28125,Sharkey,MS,127.2785044
28127,Simpson,MS,104.4663633
28129,Smith,MS,152.3879064
28131,Stone,MS,118.9376122
28133,Sunflower,MS,108.810422
28135,Tallahatchie,MS,126.3759733
28137,Tate,MS,68.2256104
28139,Tippah,MS,148.1770509
28141,Tishomingo,MS,80.16731302
28143,Tunica,MS,106.186819
28145,Union,MS,184.2978361
28147,Walthall,MS,118.8255919
28149,Warren,MS,188.1132967
28151,Washington,MS,228.2691976
28153,Wayne,MS,138.0653006
28155,Webster,MS,10.50697887
28157,Wilkinson,MS,6.372803064
28159,Winston,MS,133.9358288
28161,Yalobusha,MS,230.6361684
28163,Yazoo,MS,158.7486323
29001,Adair,MO,125.6507382
29003,Andrew,MO,72.49355195
29005,Atchison,MO,77.5697263
29007,Audrain,MO,132.1344644
29009,Barry,MO,127.2155859
29011,Barton,MO,6.470151527
29013,Bates,MO,150.1899613
29015,Benton,MO,136.5038183
29017,Bollinger,MO,88.58061547
29019,Boone,MO,103.2260974
29021,Buchanan,MO,159.0766691
29023,Butler,MO,163.4761096
29025,Caldwell,MO,132.1310002
29027,Callaway,MO,138.8149339
29029,Camden,MO,94.26192121
29031,Cape Girardeau,MO,110.3204595
29033,Carroll,MO,216.2677996
29035,Carter,MO,128.0854205
29037,Cass,MO,160.3838758
29039,Cedar,MO,171.4476426
29041,Chariton,MO,219.9699554
29043,Christian,MO,170.6684485
29045,Clark,MO,124.9710484
29047,Clay,MO,198.0136308
29049,Clinton,MO,68.31439602
29051,Cole,MO,119.5985032
29053,Cooper,MO,131.1437183
29055,Crawford,MO,199.3584509
29057,Dade,MO,140.6550306
29059,Dallas,MO,168.9328558
29061,Daviess,MO,125.1031291
29063,De Kalb,MO,255.7506696
29065,Dent,MO,131.3570058
29067,Douglas,MO,164.4175976
29069,Dunklin,MO,131.9426147
29071,Franklin,MO,80.1664551
29073,Gasconade,MO,131.8420828
29075,Gentry,MO,139.0504265
29077,Greene,MO,147.3411842
29079,Grundy,MO,21.04776716
29081,Harrison,MO,68.66209486
29083,Henry,MO,18.55410438
29085,Hickory,MO,191.5074472
29087,Holt,MO,164.7880219
29089,Howard,MO,132.4776447
29091,Howell,MO,123.203283
29093,Iron,MO,36.47963051
29095,Jackson,MO,141.7048371
29097,Jasper,MO,146.3746861
29099,Jefferson,MO,75.01918615
29101,Johnson,MO,45.76279207
29103,Knox,MO,182.6505563
29105,Laclede,MO,160.3371678
29107,Lafayette,MO,135.1998443
29109,Lawrence,MO,40.48923513
29111,Lewis,MO,222.7365984
29113,Lincoln,MO,109.1562488
29115,Linn,MO,254.059964
29117,Livingston,MO,126.0102567
29119,McDonald,MO,119.857559
29121,Macon,MO,120.9115533
29123,Madison,MO,140.2726623
29125,Maries,MO,154.8959539
29127,Marion,MO,152.0389491
29129,Mercer,MO,237.5064022
29131,Miller,MO,126.0857336
29133,Mississippi,MO,143.462806
29135,Moniteau,MO,206.4868477
29137,Monroe,MO,167.8736414
29139,Montgomery,MO,82.7046777
29141,Morgan,MO,193.7240563
29143,New Madrid,MO,149.567974
29145,Newton,MO,165.3203473
29147,Nodaway,MO,101.5912021
29149,Oregon,MO,57.28014536
29151,Osage,MO,124.1524316
29153,Ozark,MO,161.2633502
29155,Pemiscot,MO,170.0503621
29157,Perry,MO,156.9909446
29159,Pettis,MO,173.8413176
29161,Phelps,MO,137.1228679
29163,Pike,MO,135.3652765
29165,Platte,MO,126.0296428
29167,Polk,MO,80.87373253
29169,Pulaski,MO,85.49809118
29171,Putnam,MO,172.04289
29173,Ralls,MO,70.47638312
29175,Randolph,MO,139.1879545
29177,Ray,MO,152.0758717
29179,Reynolds,MO,92.77595141
29181,Ripley,MO,270.7160022
29183,St Charles,MO,133.8950355
29185,St Clair,MO,156.7645319
29186,Ste. Genevieve,MO,129.5655912
29187,St Francois,MO,73.09568757
29189,St Louis,MO,55.33063443
29195,Saline,MO,129.0893947
29197,Schuyler,MO,130.2965653
29199,Scotland,MO,108.1046951
29201,Scott,MO,114.006537
29203,Shannon,MO,160.9510046
29205,Shelby,MO,71.70416887
29207,Stoddard,MO,84.26694571
29209,Stone,MO,99.39110265
29211,Sullivan,MO,176.584086
29213,Taney,MO,152.0406002
29215,Texas,MO,133.6387136
29217,Vernon,MO,149.3856449
29219,Warren,MO,120.7309543
29221,Washington,MO,90.35367495
29223,Wayne,MO,194.5633926
29225,Webster,MO,176.0748138
29227,Worth,MO,105.9501138
29229,Wright,MO,166.8960933
29510,St Louis City,MO,112.6623189
30001,Beaverhead,MT,2.260647697
30003,Big Horn,MT,98.09703483
30005,Blaine,MT,185.8059629
30007,Broadwater,MT,167.036363
30009,Carbon,MT,153.170764
30011,Carter,MT,147.7737683
30013,Cascade,MT,105.7064805
30015,Chouteau,MT,280.6320086
30017,Custer,MT,170.1144242
30019,Daniels,MT,120.7520737
30021,Dawson,MT,112.9851502
30023,Deer Lodge,MT,168.6355642
30025,Fallon,MT,201.4971552
30027,Fergus,MT,197.9617263
30029,Flathead,MT,150.3690038
30031,Gallatin,MT,133.5473203
30033,Garfield,MT,184.648966
30035,Glacier,MT,143.1641948
30037,Golden Valley,MT,201.0444399
30039,Granite,MT,143.2057873
30041,Hill,MT,62.24479355
30043,Jefferson,MT,185.0077665
30045,Judith Basin,MT,134.1526879
30047,Lake,MT,48.39517113
30049,Lewis and Clark,MT,4.934261895
30051,Liberty,MT,34.86054552
30053,Lincoln,MT,38.48209561
30055,McCone,MT,135.1773483
30057,Madison,MT,139.4549572
30059,Meagher,MT,101.60935
30061,Mineral,MT,112.0603242
30063,Missoula,MT,89.66869456
30065,Musselshell,MT,127.4486711
30067,Park,MT,99.86429224
30069,Petroleum,MT,122.99014
30071,Phillips,MT,132.5995964
30073,Pondera,MT,118.6456419
30075,Powder River,MT,96.68964557
30077,Powell,MT,132.9747065
30079,Prairie,MT,31.56716565
30081,Ravalli,MT,175.0299179
30083,Richland,MT,80.83803713
30085,Roosevelt,MT,68.53219541
30087,Rosebud,MT,69.5616181
30089,Sanders,MT,159.2633234
30091,Sheridan,MT,149.6071236
30093,Silver Bow,MT,150.9606908
30095,Stillwater,MT,49.78069775
30097,Sweet Grass,MT,168.2159938
30099,Teton,MT,183.3687607
30101,Toole,MT,191.5144423
30103,Treasure,MT,161.0760517
30105,Valley,MT,60.71926741
30107,Wheatland,MT,143.6368897
30109,Wibaux,MT,114.9139362
30111,Yellowstone,MT,152.8784375
30113,Yellowstone Nat Park,MT,207.3413534
31001,Adams,NE,40.38048725
31003,Antelope,NE,70.17454465
31005,Arthur,NE,144.2780897
31007,Banner,NE,146.1627859
31009,Blaine,NE,188.7448443
31011,Boone,NE,143.6759344
31013,Box Butte,NE,128.9328254
31015,Boyd,NE,134.6025014
31017,Brown,NE,119.5624804
31019,Buffalo,NE,122.9717012
31021,Burt,NE,90.00502393
31023,Butler,NE,85.17251943
31025,Cass,NE,156.5321965
31027,Cedar,NE,133.6946036
31029,Chase,NE,96.0959959
31031,Cherry,NE,200.5994973
31033,Cheyenne,NE,124.4085137
31035,Clay,NE,98.31994653
31037,Colfax,NE,163.1449351
31039,Cuming,NE,86.24291942
31041,Custer,NE,119.9586813
31043,Dakota,NE,132.9509305
31045,Dawes,NE,89.22228443
31047,Dawson,NE,246.1844941
31049,Deuel,NE,163.7486779
31051,Dixon,NE,171.9903797
31053,Dodge,NE,105.103162
31055,Douglas,NE,168.0894698
31057,Dundy,NE,181.1324607
31059,Fillmore,NE,177.1747778
31061,Franklin,NE,85.1122915
31063,Frontier,NE,175.3408906
31065,Furnas,NE,105.5176726
31067,Gage,NE,59.14323902
31069,Garden,NE,143.3329279
31071,Garfield,NE,141.4573264
31073,Gosper,NE,188.0924967
31075,Grant,NE,166.4384036
31077,Greeley,NE,97.04498116
31079,Hall,NE,160.6716011
31081,Hamilton,NE,187.9041642
31083,Harlan,NE,137.4934168
31085,Hayes,NE,38.13886199
31087,Hitchcock,NE,109.095405
31089,Holt,NE,155.0602077
31091,Hooker,NE,163.7626225
31093,Howard,NE,64.29485364
31095,Jefferson,NE,110.6375678
31097,Johnson,NE,100.3146921
31099,Kearney,NE,155.1174078
31101,Keith,NE,116.7522419
31103,Keya Paha,NE,152.5692695
31105,Kimball,NE,113.6966491
31107,Knox,NE,127.9808371
31109,Lancaster,NE,200.6102363
31111,Lincoln,NE,84.3346949
31113,Logan,NE,177.5889804
31115,Loup,NE,75.34878265
31117,McPherson,NE,84.88559915
31119,Madison,NE,198.1511434
31121,Merrick,NE,87.758601
31123,Morrill,NE,182.5277865
31125,Nance,NE,207.3359131
31127,Nemaha,NE,148.3858284
31129,Nuckolls,NE,55.57819893
31131,Otoe,NE,51.79726414
31133,Pawnee,NE,189.5015552
31135,Perkins,NE,155.1234918
31137,Phelps,NE,31.00284322
31139,Pierce,NE,225.6862351
31141,Platte,NE,109.7314871
31143,Polk,NE,139.9901352
31145,Red Willow,NE,94.77426336
31147,Richardson,NE,124.6589661
31149,Rock,NE,91.83043475
31151,Saline,NE,111.0883325
31153,Sarpy,NE,87.5213338
31155,Saunders,NE,165.5099688
31157,Scotts Bluff,NE,136.66253
31159,Seward,NE,148.1048156
31161,Sheridan,NE,42.54797538
31163,Sherman,NE,130.195138
31165,Sioux,NE,85.13215463
31167,Stanton,NE,117.313637
31169,Thayer,NE,127.6605646
31171,Thomas,NE,163.2590599
31173,Thurston,NE,161.9255405
31175,Valley,NE,182.8195765
31177,Washington,NE,118.8417297
31179,Wayne,NE,183.0380708
31181,Webster,NE,167.9461205
31183,Wheeler,NE,181.4942115
31185,York,NE,208.079614
32001,Churchill,NV,146.4432563
32003,Clark,NV,237.6673609
32005,Douglas,NV,189.819667
32007,Elko,NV,70.85924448
32009,Esmeralda,NV,161.6887193
32011,Eureka,NV,123.7316223
32013,Humboldt,NV,85.46543517
32015,Lander,NV,117.2027219
32017,Lincoln,NV,180.7052027
32019,Lyon,NV,-6.13760711
32021,Mineral,NV,125.5047499
32023,Nye,NV,121.5444931
32027,Pershing,NV,87.48555531
32029,Storey,NV,96.78869571
32031,Washoe,NV,50.82686969
32033,White Pine,NV,129.1168053
32510,Carson City,NV,168.6322721
33001,Belknap,NH,74.94548274
33003,Carroll,NH,59.78244258
33005,Cheshire,NH,30.03785406
33007,Coos,NH,42.4562332
33009,Grafton,NH,207.4209527
33011,Hillsborough,NH,137.0157679
33013,Merrimack,NH,133.4352145
33015,Rockingham,NH,53.22477714
33017,Strafford,NH,143.6810421
33019,Sullivan,NH,207.7936764
34001,Atlantic,NJ,185.0698239
34003,Bergen,NJ,157.5523767
34005,Burlington,NJ,145.7169529
34007,Camden,NJ,169.3460175
34009,Cape May,NJ,147.9309827
34011,Cumberland,NJ,200.5864535
34013,Essex,NJ,104.1896327
34015,Gloucester,NJ,206.5154688
34017,Hudson,NJ,136.0534023
34019,Hunterdon,NJ,98.30317347
34021,Mercer,NJ,203.0308288
34023,Middlesex,NJ,88.14219369
34025,Monmouth,NJ,138.5361318
34027,Morris,NJ,153.0709486
34029,Ocean,NJ,134.4327503
34031,Passaic,NJ,178.8879114
34033,Salem,NJ,84.49216077
34035,Somerset,NJ,97.28302676
34037,Sussex,NJ,176.0309907
34039,Union,NJ,166.1721595
34041,Warren,NJ,99.72001015
35001,Bernalillo,NM,91.31945197
35003,Catron,NM,177.7673522
35005,Chaves,NM,212.4752135
35006,Cibola,NM,129.2782082
35007,Colfax,NM,149.4562126
35009,Curry,NM,118.3982411
35011,De Baca,NM,119.0885202
35013,Dona Ana,NM,31.83201962
35015,Eddy,NM,97.76822747
35017,Grant,NM,81.64472089
35019,Guadalupe,NM,161.9508768
35021,Harding,NM,207.6406451
35023,Hidalgo,NM,188.5809656
35025,Lea,NM,181.4950918
35027,Lincoln,NM,65.3806921
35028,Los Alamos,NM,104.8289366
35029,Luna,NM,179.4993962
35031,McKinley,NM,30.60111006
35033,Mora,NM,93.10739226
35035,Otero,NM,139.6389462
35037,Quay,NM,48.90881735
35039,Rio Arriba,NM,94.30772879
35041,Roosevelt,NM,215.233087
35043,Sandoval,NM,81.06569122
35045,San Juan,NM,111.524562
35047,San Miguel,NM,161.2408475
35049,Santa Fe,NM,139.662735
35051,Sierra,NM,77.86963185
35053,Socorro,NM,151.0566546
35055,Taos,NM,92.30424313
35057,Torrance,NM,109.9672472
35059,Union,NM,194.5116188
35061,Valencia,NM,171.6719834
36001,Albany,NY,109.3848878
36003,Allegany,NY,7.064460379
36005,Bronx,NY,75.89611151
36007,Broome,NY,160.2795241
36009,Cattaraugus,NY,89.62704269
36011,Cayuga,NY,102.6701349
36013,Chautauqua,NY,193.090205
36015,Chemung,NY,179.7381128
36017,Chenango,NY,248.0995646
36019,Clinton,NY,145.690967
36021,Columbia,NY,61.01233133
36023,Cortland,NY,122.4553136
36025,Delaware,NY,80.82003183
36027,Dutchess,NY,92.74071101
36029,Erie,NY,185.9043018
36031,Essex,NY,152.1864944
36033,Franklin,NY,176.6471868
36035,Fulton,NY,74.25741692
36037,Genesee,NY,142.3009424
36039,Greene,NY,175.1636415
36041,Hamilton,NY,206.0435529
36043,Herkimer,NY,209.0675956
36045,Jefferson,NY,211.5939426
36047,Kings,NY,238.5414079
36049,Lewis,NY,140.2112112
36051,Livingston,NY,160.8036091
36053,Madison,NY,149.1014845
36055,Monroe,NY,175.2065391
36057,Montgomery,NY,42.09146725
36059,Nassau,NY,179.2073115
36061,New York,NY,130.0423791
36063,Niagara,NY,162.1696063
36065,Oneida,NY,191.7961612
36067,Onondaga,NY,152.285996
36069,Ontario,NY,118.5190115
36071,Orange,NY,63.49721098
36073,Orleans,NY,124.0442061
36075,Oswego,NY,90.52394525
36077,Otsego,NY,69.29570094
36079,Putnam,NY,141.2749339
36081,Queens,NY,92.07461717
36083,Rensselaer,NY,228.7490138
36085,Richmond,NY,182.668171
36087,Rockland,NY,117.0650746
36089,St Lawrence,NY,137.7817421
36091,Saratoga,NY,156.9178651
36093,Schenectady,NY,90.10257877
36095,Schoharie,NY,187.1576881
36097,Schuyler,NY,97.27526511
36099,Seneca,NY,139.4055798
36101,Steuben,NY,122.2291562
36103,Suffolk,NY,80.72292718
36105,Sullivan,NY,171.5070513
36107,Tioga,NY,39.23012538
36109,Tompkins,NY,137.3763854
36111,Ulster,NY,150.6227085
36113,Warren,NY,182.2459809
36115,Washington,NY,120.9518799
36117,Wayne,NY,121.8067023
36119,Westchester,NY,81.90948442
36121,Wyoming,NY,124.5312812
36123,Yates,NY,143.4999501
37001,Alamance,NC,142.8476996
37003,Alexander,NC,54.4706045
37005,Alleghany,NC,124.0865232
37007,Anson,NC,160.1716302
37009,Ashe,NC,118.743703
37011,Avery,NC,98.07317814
37013,Beaufort,NC,151.1385713
37015,Bertie,NC,122.2884654
37017,Bladen,NC,56.95370098
37019,Brunswick,NC,115.9473017
37021,Buncombe,NC,118.9393477
37023,Burke,NC,148.7196596
37025,Cabarrus,NC,130.1149092
37027,Caldwell,NC,124.4129964
37029,Camden,NC,134.9337421
37031,Carteret,NC,142.01028
37033,Caswell,NC,135.6867804
37035,Catawba,NC,165.0308003
37037,Chatham,NC,126.8597168
37039,Cherokee,NC,98.29734389
37041,Chowan,NC,39.2418276
37043,Clay,NC,96.41234589
37045,Cleveland,NC,167.9897763
37047,Columbus,NC,58.40501581
37049,Craven,NC,110.4920622
37051,Cumberland,NC,202.2543493
37053,Currituck,NC,171.7418369
37055,Dare,NC,194.062774
37057,Davidson,NC,19.51096915
37059,Davie,NC,141.5167931
37061,Duplin,NC,98.63773369
37063,Durham,NC,68.83795387
37065,Edgecombe,NC,96.44089347
37067,Forsyth,NC,126.9236301
37069,Franklin,NC,127.0155893
37071,Gaston,NC,179.9992408
37073,Gates,NC,128.627184
37075,Graham,NC,142.0931907
37077,Granville,NC,201.3177723
37079,Greene,NC,180.4222712
37081,Guilford,NC,128.3862186
37083,Halifax,NC,144.0584521
37085,Harnett,NC,124.8903776
37087,Haywood,NC,81.90002581
37089,Henderson,NC,102.4945594
37091,Hertford,NC,61.08614023
37093,Hoke,NC,143.1611401
37095,Hyde,NC,42.29903353
37097,Iredell,NC,130.5650173
37099,Jackson,NC,130.7656632
37101,Johnston,NC,193.8193981
37103,Jones,NC,79.45573808
37105,Lee,NC,178.4583108
37107,Lenoir,NC,163.7111148
37109,Lincoln,NC,177.7362915
37111,McDowell,NC,87.9298899
37113,Macon,NC,124.778971
37115,Madison,NC,148.233117
37117,Martin,NC,135.8205304
37119,Mecklenburg,NC,128.1534587
37121,Mitchell,NC,181.3137286
37123,Montgomery,NC,84.48010539
37125,Moore,NC,176.4851143
37127,Nash,NC,178.9460457
37129,New Hanover,NC,159.6778489
37131,Northampton,NC,111.7908648
37133,Onslow,NC,192.5392112
37135,Orange,NC,236.5735563
37137,Pamlico,NC,118.5217822
37139,Pasquotank,NC,179.8886492
37141,Pender,NC,21.57323626
37143,Perquimans,NC,80.10955694
37145,Person,NC,163.8918385
37147,Pitt,NC,147.1630991
37149,Polk,NC,173.4415398
37151,Randolph,NC,51.311537
37153,Richmond,NC,170.8259864
37155,Robeson,NC,97.96017123
37157,Rockingham,NC,162.1048689
37159,Rowan,NC,139.659706
37161,Rutherford,NC,133.5970326
37163,Sampson,NC,115.5618619
37165,Scotland,NC,132.7597818
37167,Stanly,NC,69.76187773
37169,Stokes,NC,95.21943561
37171,Surry,NC,132.8057849
37173,Swain,NC,51.05876799
37175,Transylvania,NC,100.1301347
37177,Tyrrell,NC,111.6393487
37179,Union,NC,175.6767189
37181,Vance,NC,168.8759525
37183,Wake,NC,140.2056954
37185,Warren,NC,196.8895
37187,Washington,NC,89.30120348
37189,Watauga,NC,200.0418853
37191,Wayne,NC,118.6727555
37193,Wilkes,NC,102.5504429
37195,Wilson,NC,147.1382179
37197,Yadkin,NC,159.3439291
37199,Yancey,NC,100.3201086
38001,Adams,ND,54.71370011
38003,Barnes,ND,234.6904902
38005,Benson,ND,217.7796156
38007,Billings,ND,65.66505974
38009,Bottineau,ND,152.0095872
38011,Bowman,ND,131.2909596
38013,Burke,ND,80.11482679
38015,Burleigh,ND,87.59352611
38017,Cass,ND,240.2944012
38019,Cavalier,ND,120.7202481
38021,Dickey,ND,137.906036
38023,Divide,ND,81.78092084
38025,Dunn,ND,132.3658606
38027,Eddy,ND,72.39303827
38029,Emmons,ND,190.9165382
38031,Foster,ND,69.41697803
38033,Golden Valley,ND,162.4423195
38035,Grand Forks,ND,151.9942738
38037,Grant,ND,180.2351146
38039,Griggs,ND,149.7246685
38041,Hettinger,ND,132.9677888
38043,Kidder,ND,109.6935327
38045,La Moure,ND,116.4870571
38047,Logan,ND,163.4807987
38049,McHenry,ND,98.61390338
38051,McIntosh,ND,112.4861395
38053,McKenzie,ND,66.69699522
38055,McLean,ND,167.3077224
38057,Mercer,ND,126.7142648
38059,Morton,ND,129.9501885
38061,Mountrail,ND,219.6050495
38063,Nelson,ND,59.49945491
38065,Oliver,ND,133.3373744
38067,Pembina,ND,116.5337292
38069,Pierce,ND,109.1142386
38071,Ramsey,ND,117.8583425
38073,Ransom,ND,194.6169194
38075,Renville,ND,70.89903215
38077,Richland,ND,87.7321352
38079,Rolette,ND,191.601326
38081,Sargent,ND,242.4304124
38083,Sheridan,ND,100.1651251
38085,Sioux,ND,146.169307
38087,Slope,ND,137.2809475
38089,Stark,ND,158.9931357
38091,Steele,ND,116.7777802
38093,Stutsman,ND,242.5359994
38095,Towner,ND,112.3243146
38097,Traill,ND,72.89035796
38099,Walsh,ND,118.3112215
38101,Ward,ND,155.1462321
38103,Wells,ND,168.9882439
38105,Williams,ND,155.8896506
39001,Adams,OH,109.021095
39003,Allen,OH,173.2620448
39005,Ashland,OH,156.1549989
39007,Ashtabula,OH,142.8617862
39009,Athens,OH,125.9629663
39011,Auglaize,OH,93.77576308
39013,Belmont,OH,101.0375032
39015,Brown,OH,142.1525126
39017,Butler,OH,127.7955248
39019,Carroll,OH,133.076904
39021,Champaign,OH,100.2953658
39023,Clark,OH,90.94065552
39025,Clermont,OH,79.56736857
39027,Clinton,OH,148.6005591
39029,Columbiana,OH,195.1579157
39031,Coshocton,OH,86.0219976
39033,Crawford,OH,114.7852235
39035,Cuyahoga,OH,135.0133451
39037,Darke,OH,180.8846457
39039,Defiance,OH,215.0865982
39041,Delaware,OH,84.80420211
39043,Erie,OH,118.1904148
39045,Fairfield,OH,117.724599
39047,Fayette,OH,39.93603472
39049,Franklin,OH,51.72109484
39051,Fulton,OH,62.64068288
39053,Gallia,OH,126.2734381
39055,Geauga,OH,132.3895396
39057,Greene,OH,158.5540214
39059,Guernsey,OH,128.7577973
39061,Hamilton,OH,152.2308922
39063,Hancock,OH,56.53460951
39065,Hardin,OH,132.6243291
39067,Harrison,OH,184.1467024
39069,Henry,OH,205.7362435
39071,Highland,OH,175.6423443
39073,Hocking,OH,137.5255297
39075,Holmes,OH,9.528482922
39077,Huron,OH,120.4393342
39079,Jackson,OH,119.8670952
39081,Jefferson,OH,113.4051174
39083,Knox,OH,16.63140379
39085,Lake,OH,50.96962536
39087,Lawrence,OH,113.1387015
39089,Licking,OH,177.4277732
39091,Logan,OH,180.6883112
39093,Lorain,OH,179.1558983
39095,Lucas,OH,153.6995123
39097,Madison,OH,190.8952438
39099,Mahoning,OH,114.9113773
39101,Marion,OH,147.5847598
39103,Medina,OH,80.85772395
39105,Meigs,OH,197.125727
39107,Mercer,OH,104.6411895
39109,Miami,OH,173.4713977
39111,Monroe,OH,136.4619198
39113,Montgomery,OH,154.2180445
39115,Morgan,OH,134.7127348
39117,Morrow,OH,102.8125854
39119,Muskingum,OH,117.2371661
39121,Noble,OH,163.7003021
39123,Ottawa,OH,47.55671176
39125,Paulding,OH,162.4519397
39127,Perry,OH,159.739888
39129,Pickaway,OH,192.0160273
39131,Pike,OH,59.13667953
39133,Portage,OH,65.4613015
39135,Preble,OH,132.938946
39137,Putnam,OH,224.5368457
39139,Richland,OH,172.0952494
39141,Ross,OH,95.13086922
39143,Sandusky,OH,106.4694035
39145,Scioto,OH,75.05496081
39147,Seneca,OH,160.5936871
39149,Shelby,OH,119.0036952
39151,Stark,OH,175.1727206
39153,Summit,OH,112.9942848
39155,Trumbull,OH,78.60145977
39157,Tuscarawas,OH,87.34728861
39159,Union,OH,203.3186691
39161,Van Wert,OH,84.12380864
39163,Vinton,OH,178.129625
39165,Warren,OH,179.200889
39167,Washington,OH,65.99685545
39169,Wayne,OH,142.8536249
39171,Williams,OH,103.5529808
39173,Wood,OH,166.8113866
39175,Wyandot,OH,259.9461559
40001,Adair,OK,110.0474019
40003,Alfalfa,OK,72.9206499
40005,Atoka,OK,129.2983536
40007,Beaver,OK,65.04962113
40009,Beckham,OK,202.5532112
40011,Blaine,OK,117.8228472
40013,Bryan,OK,140.9756122
40015,Caddo,OK,102.8905911
40017,Canadian,OK,153.3014637
40019,Carter,OK,103.2984123
40021,Cherokee,OK,263.9394915
40023,Choctaw,OK,211.7886744
40025,Cimarron,OK,85.9640158
40027,Cleveland,OK,127.2224981
40029,Coal,OK,103.9563444
40031,Comanche,OK,150.3387426
40033,Cotton,OK,51.97388668
40035,Craig,OK,122.5455052
40037,Creek,OK,114.6059161
40039,Custer,OK,21.68615103
40041,Delaware,OK,108.6944407
40043,Dewey,OK,91.12266596
40045,Ellis,OK,131.1197141
40047,Garfield,OK,114.8848737
40049,Garvin,OK,186.615966
40051,Grady,OK,13.47182631
40053,Grant,OK,70.84755823
40055,Greer,OK,54.60621114
40057,Harmon,OK,2.675639115
40059,Harper,OK,139.6904623
40061,Haskell,OK,225.6058184
40063,Hughes,OK,129.4410539
40065,Jackson,OK,48.08015209
40067,Jefferson,OK,95.01384858
40069,Johnston,OK,155.1243022
40071,Kay,OK,122.1612
40073,Kingfisher,OK,135.7392063
40075,Kiowa,OK,138.4358257
40077,Latimer,OK,163.7363557
40079,Le Flore,OK,108.8609596
40081,Lincoln,OK,177.6158793
40083,Logan,OK,169.000778
40085,Love,OK,74.41877007
40087,McClain,OK,116.0879961
40089,McCurtain,OK,74.28089069
40091,McIntosh,OK,184.2211524
40093,Major,OK,217.0862067
40095,Marshall,OK,142.6459728
40097,Mayes,OK,16.96560958
40099,Murray,OK,176.0182443
40101,Muskogee,OK,132.0917577
40103,Noble,OK,136.3082895
40105,Nowata,OK,124.3490313
40107,Okfuskee,OK,179.2736927
40109,Oklahoma,OK,210.3888539
40111,Okmulgee,OK,179.548402
40113,Osage,OK,185.0263553
40115,Ottawa,OK,110.7051625
40117,Pawnee,OK,144.9353125
40119,Payne,OK,61.81099409
40121,Pittsburg,OK,110.4652182
40123,Pontotoc,OK,159.6968529
40125,Pottawatomie,OK,112.7250764
40127,Pushmataha,OK,149.0948856
40129,Roger Mills,OK,148.8690983
40131,Rogers,OK,141.8961205
40133,Seminole,OK,30.97391827
40135,Sequoyah,OK,188.3682707
40137,Stephens,OK,213.6750093
40139,Texas,OK,239.9133782
40141,Tillman,OK,56.71015095
40143,Tulsa,OK,134.660768
40145,Wagoner,OK,150.8138104
40147,Washington,OK,129.6509485
40149,Washita,OK,227.9989153
40151,Woods,OK,174.6357793
40153,Woodward,OK,84.15611467
41001,Baker,OR,93.31984375
41003,Benton,OR,176.7484383
41005,Clackamas,OR,168.7643505
41007,Clatsop,OR,113.2459536
41009,Columbia,OR,86.8538199
41011,Coos,OR,116.0421868
41013,Crook,OR,242.5487639
41015,Curry,OR,224.0433284
41017,Deschutes,OR,156.3625092
41019,Douglas,OR,190.0201793
41021,Gilliam,OR,73.36401519
41023,Grant,OR,61.18305162
41025,Harney,OR,215.4010092
41027,Hood River,OR,141.3017006
41029,Jackson,OR,127.571302
41031,Jefferson,OR,132.634107
41033,Josephine,OR,138.7571919
41035,Klamath,OR,152.378571
41037,Lake,OR,165.1485501
41039,Lane,OR,211.9898549
41041,Lincoln,OR,107.7822809
41043,Linn,OR,66.90850451
41045,Malheur,OR,149.9514888
41047,Marion,OR,116.6108723
41049,Morrow,OR,33.16492932
41051,Multnomah,OR,189.8994042
41053,Polk,OR,103.7341456
41055,Sherman,OR,115.0467962
41057,Tillamook,OR,89.78250093
41059,Umatilla,OR,183.893509
41061,Union,OR,141.5622175
41063,Wallowa,OR,88.09695736
41065,Wasco,OR,100.678478
41067,Washington,OR,-6.337328997
41069,Wheeler,OR,81.56557295
41071,Yamhill,OR,179.654963
42001,Adams,PA,154.0378399
42003,Allegheny,PA,120.8823735
42005,Armstrong,PA,125.1557645
42007,Beaver,PA,174.931187
42009,Bedford,PA,125.4845541
42011,Berks,PA,135.8919869
42013,Blair,PA,149.446652
42015,Bradford,PA,178.8343085
42017,Bucks,PA,191.388451
42019,Butler,PA,125.4819601
42021,Cambria,PA,125.3532772
42023,Cameron,PA,111.5506857
42025,Carbon,PA,163.6922915
42027,Centre,PA,154.6392114
42029,Chester,PA,135.9755355
42031,Clarion,PA,162.3521698
42033,Clearfield,PA,171.888678
42035,Clinton,PA,78.44490059
42037,Columbia,PA,104.5705857
42039,Crawford,PA,149.1602746
42041,Cumberland,PA,128.267994
42043,Dauphin,PA,126.8759373
42045,Delaware,PA,127.4650032
42047,Elk,PA,81.8791043
42049,Erie,PA,110.2017987
42051,Fayette,PA,166.175252
42053,Forest,PA,127.7084389
42055,Franklin,PA,166.9964154
42057,Fulton,PA,2.576427282
42059,Greene,PA,220.2104715
42061,Huntingdon,PA,228.1800091
42063,Indiana,PA,116.9918487
42065,Jefferson,PA,164.9338181
42067,Juniata,PA,85.01738765
42069,Lackawanna,PA,157.9899535
42071,Lancaster,PA,59.526816
42073,Lawrence,PA,118.6824063
42075,Lebanon,PA,177.7179003
42077,Lehigh,PA,139.4107702
42079,Luzerne,PA,152.6596415
42081,Lycoming,PA,110.2110664
42083,McKean,PA,155.6433524
42085,Mercer,PA,24.18491581
42087,Mifflin,PA,86.30194311
42089,Monroe,PA,136.0187103
42091,Montgomery,PA,137.863552
42093,Montour,PA,95.7963536
42095,Northampton,PA,153.2338185
42097,Northumberland,PA,176.9707669
42099,Perry,PA,123.0843826
42101,Philadelphia,PA,119.980788
42103,Pike,PA,174.8436722
42105,Potter,PA,109.608953
42107,Schuylkill,PA,189.5116423
42109,Snyder,PA,64.82788617
42111,Somerset,PA,127.5890021
42113,Sullivan,PA,78.99629928
42115,Susquehanna,PA,137.0837216
42117,Tioga,PA,222.8681155
42119,Union,PA,252.0748643
42121,Venango,PA,116.680718
42123,Warren,PA,130.3917214
42125,Washington,PA,175.4342714
42127,Wayne,PA,75.07115688
42129,Westmoreland,PA,241.0794454
42131,Wyoming,PA,21.39678295
42133,York,PA,128.1851115
44001,Bristol,RI,146.1989888
44003,Kent,RI,79.72528901
44005,Newport,RI,121.4813236
44007,Providence,RI,193.4032681
44009,Washington,RI,147.7974635
45001,Abbeville,SC,47.3988362
45003,Aiken,SC,164.521952
45005,Allendale,SC,114.5173188
45007,Anderson,SC,83.71147561
45009,Bamberg,SC,207.3795772
45011,Barnwell,SC,141.8247603
45013,Beaufort,SC,211.4683563
45015,Berkeley,SC,186.2763881
45017,Calhoun,SC,168.3224346
45019,Charleston,SC,73.05464997
45021,Cherokee,SC,110.0902879
45023,Chester,SC,78.20132972
45025,Chesterfield,SC,193.7859104
45027,Clarendon,SC,138.4189317
45029,Colleton,SC,156.273618
45031,Darlington,SC,135.397567
45033,Dillon,SC,128.3571846
45035,Dorchester,SC,64.53272015
45037,Edgefield,SC,241.4528381
45039,Fairfield,SC,98.79397789
45041,Florence,SC,200.387673
45043,Georgetown,SC,196.5326596
45045,Greenville,SC,113.8526077
45047,Greenwood,SC,94.61485229
45049,Hampton,SC,88.1299203
45051,Horry,SC,159.7415968
45053,Jasper,SC,56.19277106
45055,Kershaw,SC,242.1751668
45057,Lancaster,SC,241.7650008
45059,Laurens,SC,89.57032251
45061,Lee,SC,134.055647
45063,Lexington,SC,145.1687091
45065,McCormick,SC,202.1858953
45067,Marion,SC,215.0241534
45069,Marlboro,SC,147.5938732
45071,Newberry,SC,143.2572305
45073,Oconee,SC,148.0535763
45075,Orangeburg,SC,81.25205042
45077,Pickens,SC,52.21866594
45079,Richland,SC,53.84021588
45081,Saluda,SC,155.2328631
45083,Spartanburg,SC,64.15274867
45085,Sumter,SC,213.9013907
45087,Union,SC,110.698913
45089,Williamsburg,SC,114.3392806
45091,York,SC,178.6047291
46003,Aurora,SD,216.4907118
46005,Beadle,SD,154.0436964
46007,Bennett,SD,72.53056613
46009,Bon Homme,SD,131.715529
46011,Brookings,SD,166.276678
46013,Brown,SD,129.3635672
46015,Brule,SD,35.74482476
46017,Buffalo,SD,129.5128174
46019,Butte,SD,159.9402959
46021,Campbell,SD,109.2547832
46023,Charles Mix,SD,275.1487428
46025,Clark,SD,111.7997268
46027,Clay,SD,83.43787446
46029,Codington,SD,102.1308746
46031,Corson,SD,93.48286614
46033,Custer,SD,237.7367823
46035,Davison,SD,122.136682
46037,Day,SD,124.9479483
46039,Deuel,SD,155.9119624
46041,Dewey,SD,128.37456
46043,Douglas,SD,205.7574788
46045,Edmunds,SD,184.5093021
46047,Fall River,SD,127.3586311
46049,Faulk,SD,58.21504339
46051,Grant,SD,111.8420687
46053,Gregory,SD,163.0432468
46055,Haakon,SD,123.8279737
46057,Hamlin,SD,47.17613399
46059,Hand,SD,202.7867062
46061,Hanson,SD,112.4107985
46063,Harding,SD,113.2094276
46065,Hughes,SD,68.93772856
46067,Hutchinson,SD,70.85441526
46069,Hyde,SD,122.9764422
46071,Jackson,SD,163.745
46073,Jerauld,SD,160.1214949
46075,Jones,SD,187.8540945
46077,Kingsbury,SD,90.40707782
46079,Lake,SD,49.3361537
46081,Lawrence,SD,175.7812113
46083,Lincoln,SD,123.3736682
46085,Lyman,SD,159.1701719
46087,McCook,SD,112.4514996
46089,McPherson,SD,77.87629723
46091,Marshall,SD,69.28383166
46093,Meade,SD,133.4474512
46095,Mellette,SD,173.6040889
46097,Miner,SD,73.44444813
46099,Minnehaha,SD,132.6525655
46101,Moody,SD,147.9474766
46103,Pennington,SD,127.6341132
46105,Perkins,SD,186.3639407
46107,Potter,SD,203.4842335
46109,Roberts,SD,178.141755
46111,Sanborn,SD,110.1895905
46113,Shannon,SD,143.1617538
46115,Spink,SD,155.9889175
46117,Stanley,SD,43.79201678
46119,Sully,SD,133.5448432
46121,Todd,SD,153.7504294
46123,Tripp,SD,79.80992714
46125,Turner,SD,204.3142439
46127,Union,SD,109.0904682
46129,Walworth,SD,230.7102305
46135,Yankton,SD,187.4263345
46137,Ziebach,SD,90.39128348
47001,Anderson,TN,150.8148201
47003,Bedford,TN,137.7413828
47005,Benton,TN,223.3453071
47007,Bledsoe,TN,168.8205985
47009,Blount,TN,169.1136185
47011,Bradley,TN,133.4915806
47013,Campbell,TN,268.6274358
47015,Cannon,TN,171.6365817
47017,Carroll,TN,168.261178
47019,Carter,TN,184.4779756
47021,Cheatham,TN,138.6365223
47023,Chester,TN,95.60841532
47025,Claiborne,TN,133.5455297
47027,Clay,TN,185.4757109
47029,Cocke,TN,169.4057356
47031,Coffee,TN,122.8587518
47033,Crockett,TN,104.5426636
47035,Cumberland,TN,113.3263285
47037,Davidson,TN,124.6038987
47039,Decatur,TN,136.8185335
47041,De Kalb,TN,135.5476851
47043,Dickson,TN,59.7703977
47045,Dyer,TN,173.2929056
47047,Fayette,TN,106.2743569
47049,Fentress,TN,69.84887065
47051,Franklin,TN,146.5765821
47053,Gibson,TN,72.85839525
47055,Giles,TN,148.7720798
47057,Grainger,TN,86.40324762
47059,Greene,TN,191.220676
47061,Grundy,TN,126.2129999
47063,Hamblen,TN,148.3790539
47065,Hamilton,TN,175.590423
47067,Hancock,TN,142.0041319
47069,Hardeman,TN,60.70729092
47071,Hardin,TN,140.3336364
47073,Hawkins,TN,96.58497325
47075,Haywood,TN,79.00627281
47077,Henderson,TN,121.9892311
47079,Henry,TN,73.3406884
47081,Hickman,TN,150.8180068
47083,Houston,TN,105.4048715
47085,Humphreys,TN,117.0162784
47087,Jackson,TN,174.2011514
47089,Jefferson,TN,162.15445
47091,Johnson,TN,124.3214842
47093,Knox,TN,246.9414483
47095,Lake,TN,172.3321995
47097,Lauderdale,TN,93.66887304
47099,Lawrence,TN,84.7389907
47101,Lewis,TN,217.3244851
47103,Lincoln,TN,160.4526654
47105,Loudon,TN,56.66755265
47107,McMinn,TN,125.6656417
47109,McNairy,TN,174.7445434
47111,Macon,TN,79.10925087
47113,Madison,TN,174.1307521
47115,Marion,TN,17.39600025
47117,Marshall,TN,195.9788695
47119,Maury,TN,32.16371842
47121,Meigs,TN,87.76716884
47123,Monroe,TN,114.8715745
47125,Montgomery,TN,189.1579028
47127,Moore,TN,89.4280844
47129,Morgan,TN,162.1199571
47131,Obion,TN,159.0183065
47133,Overton,TN,188.6570841
47135,Perry,TN,158.5247528
47137,Pickett,TN,103.9228676
47139,Polk,TN,80.37255454
47141,Putnam,TN,138.5146128
47143,Rhea,TN,114.683422
47145,Roane,TN,140.546848
47147,Robertson,TN,168.2449991
47149,Rutherford,TN,173.3100382
47151,Scott,TN,122.3479367
47153,Sequatchie,TN,112.5322726
47155,Sevier,TN,193.3432668
47157,Shelby,TN,130.72378
47159,Smith,TN,204.5517736
47161,Stewart,TN,87.41218185
47163,Sullivan,TN,116.6313911
47165,Sumner,TN,135.850291
47167,Tipton,TN,248.7130886
47169,Trousdale,TN,119.1747071
47171,Unicoi,TN,124.3370085
47173,Union,TN,170.0003891
47175,Van Buren,TN,102.8886902
47177,Warren,TN,152.2437495
47179,Washington,TN,130.5347871
47181,Wayne,TN,94.97980204
47183,Weakley,TN,135.3611508
47185,White,TN,55.35658159
47187,Williamson,TN,36.1377122
47189,Wilson,TN,127.6691545
48001,Anderson,TX,167.6088606
48003,Andrews,TX,187.9749869
48005,Angelina,TX,199.1359211
48007,Aransas,TX,99.57806297
48009,Archer,TX,165.0630038
48011,Armstrong,TX,156.0800667
48013,Atascosa,TX,52.05139057
48015,Austin,TX,123.3013943
48017,Bailey,TX,115.4501967
48019,Bandera,TX,133.2562181
48021,Bastrop,TX,152.9326066
48023,Baylor,TX,77.15625382
48025,Bee,TX,166.4582334
48027,Bell,TX,256.8370913
48029,Bexar,TX,153.5400923
48031,Blanco,TX,121.9224799
48033,Borden,TX,90.76574164
48035,Bosque,TX,138.7397114
48037,Bowie,TX,131.9930387
48039,Brazoria,TX,148.7195065
48041,Brazos,TX,94.60974694
48043,Brewster,TX,146.1201375
48045,Briscoe,TX,109.7232172
48047,Brooks,TX,146.8026932
48049,Brown,TX,78.9657615
48051,Burleson,TX,130.5047437
48053,Burnet,TX,102.1861652
48055,Caldwell,TX,194.2270073
48057,Calhoun,TX,163.3186862
48059,Callahan,TX,134.3873778
48061,Cameron,TX,216.1594212
48063,Camp,TX,146.417679
48065,Carson,TX,168.6496068
48067,Cass,TX,212.7816726
48069,Castro,TX,155.5605758
48071,Chambers,TX,158.3184952
48073,Cherokee,TX,229.2928718
48075,Childress,TX,196.1886148
48077,Clay,TX,141.1269816
48079,Cochran,TX,101.2542397
48081,Coke,TX,187.9141144
48083,Coleman,TX,154.4739629
48085,Collin,TX,38.17854522
48087,Collingsworth,TX,191.6697633
48089,Colorado,TX,272.9975391
48091,Comal,TX,157.0366086
48093,Comanche,TX,105.1005075
48095,Concho,TX,272.8161371
48097,Cooke,TX,199.146761
48099,Coryell,TX,212.6350073
48101,Cottle,TX,213.8124151
48103,Crane,TX,177.2552811
48105,Crockett,TX,50.77773736
48107,Crosby,TX,167.4596017
48109,Culberson,TX,91.6543367
48111,Dallam,TX,179.8934696
48113,Dallas,TX,201.628556
48115,Dawson,TX,126.2915916
48117,Deaf Smith,TX,120.1036355
48119,Delta,TX,182.1990379
48121,Denton,TX,225.3680325
48123,De Witt,TX,89.40473576
48125,Dickens,TX,132.1219103
48127,Dimmit,TX,30.68288151
48129,Donley,TX,138.803298
48131,Duval,TX,47.72486139
48133,Eastland,TX,137.2468267
48135,Ector,TX,184.4943963
48137,Edwards,TX,136.6740004
48139,Ellis,TX,84.01688023
48141,El Paso,TX,165.5610725
48143,Erath,TX,90.16823532
48145,Falls,TX,160.9441753
48147,Fannin,TX,99.4817259
48149,Fayette,TX,174.0381277
48151,Fisher,TX,173.7486188
48153,Floyd,TX,126.4186306
48155,Foard,TX,170.8977196
48157,Fort Bend,TX,93.05027204
48159,Franklin,TX,127.9653093
48161,Freestone,TX,143.4269097
48163,Frio,TX,154.2832874
48165,Gaines,TX,64.98281573
48167,Galveston,TX,137.7214748
48169,Garza,TX,113.9771597
48171,Gillespie,TX,103.7038393
48173,Glasscock,TX,170.6015574
48175,Goliad,TX,194.8688864
48177,Gonzales,TX,114.4789142
48179,Gray,TX,137.448214
48181,Grayson,TX,125.9357268
48183,Gregg,TX,146.3858758
48185,Grimes,TX,101.5259704
48187,Guadalupe,TX,110.701494
48189,Hale,TX,174.8197351
48191,Hall,TX,160.9369322
48193,Hamilton,TX,136.5582052
48195,Hansford,TX,130.6122261
48197,Hardeman,TX,211.1986659
48199,Hardin,TX,198.4368558
48201,Harris,TX,166.0905777
48203,Harrison,TX,216.6884239
48205,Hartley,TX,113.0930959
48207,Haskell,TX,157.8567155
48209,Hays,TX,195.5876139
48211,Hemphill,TX,142.8882584
48213,Henderson,TX,195.7747025
48215,Hidalgo,TX,193.6986158
48217,Hill,TX,47.39029742
48219,Hockley,TX,110.5004914
48221,Hood,TX,160.7397083
48223,Hopkins,TX,122.0290217
48225,Houston,TX,194.114672
48227,Howard,TX,148.5655558
48229,Hudspeth,TX,109.750878
48231,Hunt,TX,159.3302314
48233,Hutchinson,TX,149.7221516
48235,Irion,TX,77.14999162
48237,Jack,TX,65.99393622
48239,Jackson,TX,70.49267959
48241,Jasper,TX,49.34377676
48243,Jeff Davis,TX,192.9992752
48245,Jefferson,TX,221.4508648
48247,Jim Hogg,TX,193.6540056
48249,Jim Wells,TX,164.0871728
48251,Johnson,TX,125.0999714
48253,Jones,TX,2.38728704
48255,Karnes,TX,88.77472714
48257,Kaufman,TX,135.2943564
48259,Kendall,TX,147.4314439
48261,Kenedy,TX,96.91198264
48263,Kent,TX,145.535539
48265,Kerr,TX,34.43806435
48267,Kimble,TX,172.946423
48269,King,TX,152.3595811
48271,Kinney,TX,103.8644645
48273,Kleberg,TX,134.0582744
48275,Knox,TX,123.2838097
48277,Lamar,TX,82.5735041
48279,Lamb,TX,89.28037135
48281,Lampasas,TX,218.7775222
48283,La Salle,TX,105.8943003
48285,Lavaca,TX,150.5362205
48287,Lee,TX,243.5225484
48289,Leon,TX,230.136722
48291,Liberty,TX,104.8366259
48293,Limestone,TX,96.45228134
48295,Lipscomb,TX,205.4065195
48297,Live Oak,TX,64.09297381
48299,Llano,TX,287.9191414
48301,Loving,TX,174.5164969
48303,Lubbock,TX,239.1416997
48305,Lynn,TX,24.18477192
48307,McCulloch,TX,82.63165295
48309,McLennan,TX,65.22057161
48311,McMullen,TX,94.52888366
48313,Madison,TX,180.9285226
48315,Marion,TX,192.03953
48317,Martin,TX,55.745989
48319,Mason,TX,173.2678522
48321,Matagorda,TX,140.823551
48323,Maverick,TX,101.7015965
48325,Medina,TX,165.5959933
48327,Menard,TX,91.5442221
48329,Midland,TX,176.8989759
48331,Milam,TX,168.8130804
48333,Mills,TX,195.7396433
48335,Mitchell,TX,182.9086641
48337,Montague,TX,144.772227
48339,Montgomery,TX,161.7545329
48341,Moore,TX,114.2680981
48343,Morris,TX,141.4579833
48345,Motley,TX,144.9684181
48347,Nacogdoches,TX,101.7646499
48349,Navarro,TX,120.7981693
48351,Newton,TX,68.81403196
48353,Nolan,TX,103.9944902
48355,Nueces,TX,100.5795333
48357,Ochiltree,TX,77.84393853
48359,Oldham,TX,97.78769374
48361,Orange,TX,89.91790847
48363,Palo Pinto,TX,166.1440627
48365,Panola,TX,127.9162477
48367,Parker,TX,80.8841713
48369,Parmer,TX,249.3678324
48371,Pecos,TX,105.8988317
48373,Polk,TX,256.1872116
48375,Potter,TX,118.7316976
48377,Presidio,TX,161.1311062
48379,Rains,TX,99.51719057
48381,Randall,TX,173.0970321
48383,Reagan,TX,45.88856265
48385,Real,TX,172.2605365
48387,Red River,TX,166.4480293
48389,Reeves,TX,103.5635414
48391,Refugio,TX,128.0372829
48393,Roberts,TX,96.68504155
48395,Robertson,TX,93.55505661
48397,Rockwall,TX,113.9836164
48399,Runnels,TX,238.8200887
48401,Rusk,TX,181.130218
48403,Sabine,TX,189.415491
48405,San Augustine,TX,88.39874561
48407,San Jacinto,TX,211.5724769
48409,San Patricio,TX,149.3321177
48411,San Saba,TX,141.2929517
48413,Schleicher,TX,163.5166031
48415,Scurry,TX,85.22367997
48417,Shackelford,TX,127.9519541
48419,Shelby,TX,92.29667434
48421,Sherman,TX,20.51229246
48423,Smith,TX,137.1203424
48425,Somervell,TX,33.60221147
48427,Starr,TX,59.91976203
48429,Stephens,TX,233.9178273
48431,Sterling,TX,120.7955866
48433,Stonewall,TX,144.4652805
48435,Sutton,TX,222.125636
48437,Swisher,TX,120.7238059
48439,Tarrant,TX,171.4159603
48441,Taylor,TX,132.3344634
48443,Terrell,TX,168.2351525
48445,Terry,TX,168.9938013
48447,Throckmorton,TX,161.7451845
48449,Titus,TX,124.09755
48451,Tom Green,TX,91.6254247
48453,Travis,TX,9.153633892
48455,Trinity,TX,136.9447424
48457,Tyler,TX,9.295508609
48459,Upshur,TX,115.5429526
48461,Upton,TX,106.6687722
48463,Uvalde,TX,93.6050658
48465,Val Verde,TX,167.361909
48467,Van Zandt,TX,152.6362583
48469,Victoria,TX,97.61005333
48471,Walker,TX,70.48586582
48473,Waller,TX,116.0410159
48475,Ward,TX,116.6768714
48477,Washington,TX,235.0129245
48479,Webb,TX,2.28731085
48481,Wharton,TX,146.036626
48483,Wheeler,TX,38.94525533
48485,Wichita,TX,97.33588381
48487,Wilbarger,TX,100.1346662
48489,Willacy,TX,173.0505002
48491,Williamson,TX,-2.087741926
48493,Wilson,TX,84.78394413
48495,Winkler,TX,209.2320196
48497,Wise,TX,122.9043027
48499,Wood,TX,103.2481466
48501,Yoakum,TX,220.0055543
48503,Young,TX,89.54630557
48505,Zapata,TX,136.5232583
48507,Zavala,TX,189.6342417
49001,Beaver,UT,173.675022
49003,Box Elder,UT,82.43926049
49005,Cache,UT,82.4129114
49007,Carbon,UT,94.89827508
49009,Daggett,UT,147.326668
49011,Davis,UT,192.6503679
49013,Duchesne,UT,123.9239064
49015,Emery,UT,121.9396224
49017,Garfield,UT,151.425416
49019,Grand,UT,168.2422282
49021,Iron,UT,211.7968056
49023,Juab,UT,130.4128354
49025,Kane,UT,102.8174621
49027,Millard,UT,168.1845317
49029,Morgan,UT,145.3944359
49031,Piute,UT,110.8330422
49033,Rich,UT,146.4467374
49035,Salt Lake,UT,197.8367969
49037,San Juan,UT,126.2352379
49039,Sanpete,UT,161.4102419
49041,Sevier,UT,107.7963431
49043,Summit,UT,57.41216549
49045,Tooele,UT,46.19927594
49047,Uintah,UT,117.3915292
49049,Utah,UT,148.0699794
49051,Wasatch,UT,172.8362522
49053,Washington,UT,100.7081962
49055,Wayne,UT,194.508357
49057,Weber,UT,171.1250529
50001,Addison,VT,50.85542579
50003,Bennington,VT,158.956924
50005,Caledonia,VT,162.1609666
50007,Chittenden,VT,169.4524251
50009,Essex,VT,154.5964183
50011,Franklin,VT,159.6670438
50013,Grand Isle,VT,173.1998168
50015,Lamoille,VT,73.61982608
50017,Orange,VT,99.86774332
50019,Orleans,VT,130.6573519
50021,Rutland,VT,157.8926008
50023,Washington,VT,113.0877866
50025,Windham,VT,125.2161173
50027,Windsor,VT,102.3764602
51001,Accomack,VA,156.4674978
51003,Albemarle,VA,183.9361081
51005,Alleghany,VA,204.876957
51007,Amelia,VA,84.9015611
51009,Amherst,VA,229.7104404
51011,Appomattox,VA,153.7233624
51013,Arlington,VA,19.40757208
51015,Augusta,VA,222.359218
51017,Bath,VA,62.20720599
51019,Bedford,VA,96.82161758
51021,Bland,VA,72.19627019
51023,Botetourt,VA,154.4390767
51025,Brunswick,VA,223.7587989
51027,Buchanan,VA,120.1419142
51029,Buckingham,VA,162.0035244
51031,Campbell,VA,61.46763561
51033,Caroline,VA,135.049323
51035,Carroll,VA,119.7112856
51036,Charles City,VA,153.7848414
51037,Charlotte,VA,92.89727757
51041,Chesterfield,VA,69.50619679
51043,Clarke,VA,272.9857338
51045,Craig,VA,126.5983346
51047,Culpeper,VA,129.3922621
51049,Cumberland,VA,220.9788428
51051,Dickenson,VA,73.44092338
51053,Dinwiddie,VA,150.7428453
51057,Essex,VA,179.2364842
51059,Fairfax,VA,194.0010114
51061,Fauquier,VA,168.2426064
51063,Floyd,VA,80.90860767
51065,Fluvanna,VA,163.5435291
51067,Franklin,VA,37.19765508
51069,Frederick,VA,133.7187475
51071,Giles,VA,104.2548479
51073,Gloucester,VA,143.769653
51075,Goochland,VA,112.711683
51077,Grayson,VA,164.1308389
51079,Greene,VA,90.29486747
51081,Greensville,VA,75.14180946
51083,Halifax,VA,183.4504318
51085,Hanover,VA,169.6617304
51087,Henrico,VA,198.7312829
51089,Henry,VA,125.9114371
51091,Highland,VA,170.311655
51093,Isle of Wight,VA,195.0380789
51095,James City,VA,93.32352138
51097,King and Queen,VA,202.0409222
51099,King George,VA,65.55822491
51101,King William,VA,107.8192562
51103,Lancaster,VA,109.364286
51105,Lee,VA,122.3542012
51107,Loudoun,VA,136.2785691
51109,Louisa,VA,83.99745317
51111,Lunenburg,VA,187.4185689
51113,Madison,VA,125.0404085
51115,Mathews,VA,191.7583101
51117,Mecklenburg,VA,159.303053
51119,Middlesex,VA,107.3629454
51121,Montgomery,VA,168.829233
51125,Nelson,VA,165.769627
51127,New Kent,VA,77.26069635
51131,Northampton,VA,113.6016253
51133,Northumberland,VA,78.07833302
51135,Nottoway,VA,111.8332234
51137,Orange,VA,135.1874725
51139,Page,VA,120.5035691
51141,Patrick,VA,138.379912
51143,Pittsylvania,VA,214.5785335
51145,Powhatan,VA,178.9367646
51147,Prince Edward,VA,60.84935034
51149,Prince George,VA,69.74137633
51153,Prince William,VA,79.12109359
51155,Pulaski,VA,169.784512
51157,Rappahannock,VA,107.7573415
51159,Richmond,VA,46.17441177
51161,Roanoke,VA,122.3502205
51163,Rockbridge,VA,122.8030912
51165,Rockingham,VA,175.9777765
51167,Russell,VA,122.7991196
51169,Scott,VA,85.61927895
51171,Shenandoah,VA,43.13803821
51173,Smyth,VA,160.5937792
51175,Southampton,VA,132.9951625
51177,Spotsylvania,VA,126.2798806
51179,Stafford,VA,138.4846763
51181,Surry,VA,120.1367498
51183,Sussex,VA,163.1129123
51185,Tazewell,VA,214.5753121
51187,Warren,VA,224.1509145
51191,Washington,VA,134.9051641
51193,Westmoreland,VA,89.68026504
51195,Wise,VA,125.5249593
51197,Wythe,VA,263.986466
51199,York,VA,104.1933982
51510,Alexandria City,VA,146.8644483
51515,Bedford City,VA,59.07040616
51520,Bristol City,VA,99.3718885
51530,Buena Vista City,VA,110.6920724
51540,Charlottesville City,VA,195.6055689
51550,Chesapeake City,VA,83.34895436
51560,Clifton Forge City,VA,221.8409276
51570,Colonial Heights Cit,VA,203.2852739
51580,Covington City,VA,138.8514946
51590,Danville City,VA,224.2723944
51595,Emporia City,VA,111.7857888
51600,Fairfax City,VA,37.30877469
51610,Falls Church City,VA,92.72638348
51620,Franklin City,VA,75.11572644
51630,Fredericksburg City,VA,153.9842994
51640,Galax City,VA,111.5380393
51650,Hampton City,VA,222.9845145
51660,Harrisonburg City,VA,208.1018576
51670,Hopewell City,VA,223.5251283
51678,Lexington City,VA,158.0590426
51680,Lynchburg City,VA,163.3484659
51683,Manassas City,VA,168.732065
51685,Manassas Park City,VA,141.0082888
51690,Martinsville City,VA,69.28309389
51700,Newport News City,VA,163.5509254
51710,Norfolk City,VA,240.4395264
51720,Norton City,VA,92.42595523
51730,Petersburg City,VA,143.7446918
51735,Poquoson City,VA,172.9506323
51740,Portsmouth City,VA,211.5260817
51750,Radford City,VA,133.707024
51760,Richmond City,VA,92.66011135
51770,Roanoke City,VA,40.92503468
51775,Salem City,VA,192.4223181
51780,South Boston City,VA,75.81970338
51790,Staunton City,VA,146.8506926
51800,Suffolk City,VA,154.7334145
51810,Virginia Beach City,VA,122.5912935
51820,Waynesboro City,VA,86.40296911
51830,Williamsburg City,VA,148.929251
51840,Winchester City,VA,127.9525895
53001,Adams,WA,193.0393836
53003,Asotin,WA,128.0605061
53005,Benton,WA,116.82187
53007,Chelan,WA,151.5830664
53009,Clallam,WA,171.1424931
53011,Clark,WA,134.9910361
53013,Columbia,WA,84.78803827
53015,Cowlitz,WA,77.56696491
53017,Douglas,WA,73.06911339
53019,Ferry,WA,134.894404
53021,Franklin,WA,210.7227232
53023,Garfield,WA,135.9885358
53025,Grant,WA,82.52757434
53027,Grays Harbor,WA,131.6809479
53029,Island,WA,98.0110791
53031,Jefferson,WA,171.6356033
53033,King,WA,163.9263346
53035,Kitsap,WA,61.61864718
53037,Kittitas,WA,60.68270679
53039,Klickitat,WA,113.420776
53041,Lewis,WA,139.5012977
53043,Lincoln,WA,93.35672867
53045,Mason,WA,149.1002999
53047,Okanogan,WA,81.6956564
53049,Pacific,WA,176.0331627
53051,Pend Oreille,WA,96.57779598
53053,Pierce,WA,159.6064973
53055,San Juan,WA,154.4202501
53057,Skagit,WA,34.78943531
53059,Skamania,WA,176.6540407
53061,Snohomish,WA,87.72848548
53063,Spokane,WA,168.8833846
53065,Stevens,WA,143.7991736
53067,Thurston,WA,202.0307469
53069,Wahkiakum,WA,174.7292327
53071,Walla Walla,WA,146.0373145
53073,Whatcom,WA,75.84055094
53075,Whitman,WA,206.8000764
53077,Yakima,WA,171.2737706
54001,Barbour,WV,106.5107629
54003,Berkeley,WV,143.6252003
54005,Boone,WV,175.1762001
54007,Braxton,WV,121.0838072
54009,Brooke,WV,24.39968854
54011,Cabell,WV,135.6806596
54013,Calhoun,WV,130.7812759
54015,Clay,WV,150.2020263
54017,Doddridge,WV,60.81372471
54019,Fayette,WV,139.5176151
54021,Gilmer,WV,190.9725432
54023,Grant,WV,57.67660145
54025,Greenbrier,WV,115.2642755
54027,Hampshire,WV,37.47646222
54029,Hancock,WV,154.5383284
54031,Hardy,WV,192.1680685
54033,Harrison,WV,189.7427266
54035,Jackson,WV,97.14116388
54037,Jefferson,WV,135.0945687
54039,Kanawha,WV,176.5773111
54041,Lewis,WV,113.5862391
54043,Lincoln,WV,53.23896719
54045,Logan,WV,9.54940672
54047,McDowell,WV,92.33634706
54049,Marion,WV,152.4493644
54051,Marshall,WV,178.1458184
54053,Mason,WV,94.34095156
54055,Mercer,WV,192.0182238
54057,Mineral,WV,136.7948517
54059,Mingo,WV,86.4756032
54061,Monongalia,WV,139.1548413
54063,Monroe,WV,37.00266985
54065,Morgan,WV,130.0958505
54067,Nicholas,WV,181.8154698
54069,Ohio,WV,116.2246473
54071,Pendleton,WV,174.6029583
54073,Pleasants,WV,159.5858252
54075,Pocahontas,WV,159.471564
54077,Preston,WV,140.8941108
54079,Putnam,WV,108.0614646
54081,Raleigh,WV,213.7062109
54083,Randolph,WV,96.29138269
54085,Ritchie,WV,103.6100914
54087,Roane,WV,131.416628
54089,Summers,WV,241.5267152
54091,Taylor,WV,176.0323333
54093,Tucker,WV,136.4274125
54095,Tyler,WV,175.0923911
54097,Upshur,WV,154.2846418
54099,Wayne,WV,155.1325569
54101,Webster,WV,149.7772126
54103,Wetzel,WV,156.6357475
54105,Wirt,WV,167.4350293
54107,Wood,WV,176.4672826
54109,Wyoming,WV,161.8174074
55001,Adams,WI,192.8164264
55003,Ashland,WI,224.4763916
55005,Barron,WI,187.0994529
55007,Bayfield,WI,138.7550748
55009,Brown,WI,157.2913699
55011,Buffalo,WI,103.6119767
55013,Burnett,WI,20.70659284
55015,Calumet,WI,148.9843633
55017,Chippewa,WI,140.7723629
55019,Clark,WI,118.6954555
55021,Columbia,WI,293.8668985
55023,Crawford,WI,195.5333898
55025,Dane,WI,165.079471
55027,Dodge,WI,257.7486038
55029,Door,WI,198.1871176
55031,Douglas,WI,82.77540244
55033,Dunn,WI,116.2353706
55035,Eau Claire,WI,203.6980667
55037,Florence,WI,224.1450206
55039,Fond du Lac,WI,110.5847361
55041,Forest,WI,92.50740731
55043,Grant,WI,235.2844161
55045,Green,WI,204.5510728
55047,Green Lake,WI,148.1406449
55049,Iowa,WI,122.2107775
55051,Iron,WI,35.50724633
55053,Jackson,WI,172.8014997
55055,Jefferson,WI,161.3470002
55057,Juneau,WI,149.1693437
55059,Kenosha,WI,208.3098809
55061,Kewaunee,WI,184.2842199
55063,La Crosse,WI,89.7955087
55065,Lafayette,WI,112.4669951
55067,Langlade,WI,107.7166073
55069,Lincoln,WI,211.4982285
55071,Manitowoc,WI,112.7643519
55073,Marathon,WI,107.7736619
55075,Marinette,WI,116.329357
55077,Marquette,WI,134.6694436
55078,Menominee,WI,154.9519399
55079,Milwaukee,WI,94.78318195
55081,Monroe,WI,149.4186521
55083,Oconto,WI,118.0712141
55085,Oneida,WI,163.782828
55087,Outagamie,WI,175.1834561
55089,Ozaukee,WI,177.8543738
55091,Pepin,WI,134.958896
55093,Pierce,WI,104.5812737
55095,Polk,WI,178.0935621
55097,Portage,WI,121.7335173
55099,Price,WI,149.3469487
55101,Racine,WI,140.3461967
55103,Richland,WI,138.4730159
55105,Rock,WI,93.04094273
55107,Rusk,WI,140.1876089
55109,St Croix,WI,230.9387312
55111,Sauk,WI,134.8922468
55113,Sawyer,WI,167.8531904
55115,Shawano,WI,154.0988522
55117,Sheboygan,WI,184.5067746
55119,Taylor,WI,140.3487946
55121,Trempealeau,WI,238.3168375
55123,Vernon,WI,111.9538881
55125,Vilas,WI,162.148342
55127,Walworth,WI,32.17335553
55129,Washburn,WI,57.59024679
55131,Washington,WI,155.5084494
55133,Waukesha,WI,68.81965243
55135,Waupaca,WI,125.7153549
55137,Waushara,WI,149.6164039
55139,Winnebago,WI,149.9639963
55141,Wood,WI,131.2547296
56001,Albany,WY,66.18298083
56003,Big Horn,WY,157.5379876
56005,Campbell,WY,177.8203146
56007,Carbon,WY,52.70123876
56009,Converse,WY,120.8894848
56011,Crook,WY,165.8643501
56013,Fremont,WY,124.8835851
56015,Goshen,WY,49.69992986
56017,Hot Springs,WY,52.85321858
56019,Johnson,WY,144.1024708
56021,Laramie,WY,170.6389369
56023,Lincoln,WY,133.3621925
56025,Natrona,WY,115.4707745
56027,Niobrara,WY,170.6497448
56029,Park,WY,123.865466
56031,Platte,WY,7.735015255
56033,Sheridan,WY,53.52798136
56035,Sublette,WY,135.9764605
56037,Sweetwater,WY,115.9228737
56039,Teton,WY,156.7190427
56041,Uinta,WY,126.4543084
56043,Washakie,WY,176.4529649
56045,Weston,WY,183.176949
60010,Unknown,AS,31.18331869
60020,Manua,AS,169.5972557
60020,Ofu,AS,131.5489873
60020,Olosega,AS,179.2648195
60050,Tutuila,AS,166.4602716
66010,Cocos Island,MP,172.7316735
66010,Guam,GU,149.8224693
69100,Rota,MP,278.9870874
69110,Saipan,MP,70.08649925
69120,Aguijan,MP,122.7580378
69120,Tinian,MP,182.3628975
72001,Adjuntas,PR,121.6450205
72003,Aguada,PR,84.00434673
72005,Aguadilla,PR,122.0978809
72007,Aguas Buenas,PR,193.1509444
72009,Aibonito,PR,64.78652485
72011,Anasco,PR,91.56310021
72013,Arecibo,PR,133.4607359
72015,Arroyo,PR,128.4409241
72017,Barceloneta,PR,149.0066422
72019,Barranquitas,PR,180.4653799
72021,Bayamon,PR,106.9500939
72023,Cabo Rojo,PR,86.08528277
72025,Caguas,PR,122.1519853
72027,Camuy,PR,117.4592687
72029,Canovanas,PR,90.10821627
72031,Carolina,PR,144.2230233
72033,Catano,PR,30.80409679
72035,Cayey,PR,120.4243411
72037,Ceiba,PR,119.2325301
72041,Cidra,PR,120.4854806
72043,Coamo,PR,146.0425142
72045,Comerio,PR,72.68557718
72047,Corozal,PR,98.56208251
72049,Culebra,PR,193.6621123
72051,Dorado,PR,122.8554201
72053,Fajardo,PR,79.74197687
72054,Florida,PR,96.66693671
72055,Guanica,PR,78.76996858
72057,Guayama,PR,148.3460448
72059,Guayanilla,PR,164.9353144
72061,Guaynabo,PR,205.1549895
72063,Gurabo,PR,134.9237755
72065,Hatillo,PR,66.90332517
72067,Hormigueros,PR,39.73039087
72071,Isabela,PR,179.5245589
72073,Jayuya,PR,117.135186
72075,Juana Diaz,PR,106.7250634
72077,Juncos,PR,174.8604771
72079,Lajas,PR,145.6765499
72081,Lares,PR,216.3311524
72083,Las Marias,PR,116.736422
72085,Las Piedras,PR,123.5657024
72087,Loiza,PR,157.9809278
72089,Luquillo,PR,131.5190923
72091,Manati,PR,92.92957643
72093,Maricao,PR,111.4122544
72095,Maunabo,PR,84.06498333
72097,Mayaguez,PR,99.04081284
72099,Moca,PR,105.4036069
72101,Morovis,PR,172.9382051
72103,Nabuabo,PR,139.8174022
72105,Naranjito,PR,103.7680262
72107,Orocovis,PR,102.3613038
72109,Patillas,PR,56.12330241
72111,Penuelas,PR,225.7982867
72113,Ponce,PR,155.8562866
72115,Quebradillas,PR,77.54482078
72117,Rincon,PR,64.81725661
72119,Rio Grande,PR,105.8952723
72121,Sabana Grande,PR,222.9170045
72123,Salinas,PR,154.7364559
72125,San German,PR,100.9726087
72127,San Juan,PR,216.8649756
72129,San Lorenzo,PR,95.79837931
72131,San Sabastian,PR,80.07341501
72133,Santa Isabel,PR,89.90477164
72135,Toa Alta,PR,205.8792242
72137,Toa Baja,PR,157.3592113
72139,Trujillo Alto,PR,96.00788175
72141,Utuado,PR,83.92493521
72143,Vega Alta,PR,135.8034464
72145,Vega Baja,PR,96.47153022
72147,Vieques,PR,131.5648391
72149,Villalba,PR,128.0897013
72151,Yabucoa,PR,99.77703841
72153,Yauco,PR,154.3311396
78010,St. Croix,VI,231.4529256
78020,St. John,VI,172.9706992
78030,St. Thomas,VI,139.9781459